Workbook
Name _DumProb: OFFSET([1]BetaSolver!$R$4,0,0,COUNTA([1]BetaSolver!$R$5:$R$1000),1)
Name AaaLoss_: '[1]Source Tables'!$B$6
Name AaaPD: '[1]Source Tables'!$F$6
Name ApprovedModel: [1]Backend!$B$12
Name BetaProb_: OFFSET([1]BetaSolver!$E$12,0,0,COUNTA([1]BetaSolver!$E$12:$E$1000),1)
Name CFR: [1]Lookups!$J$15:$J$25
Name CFR_: '[1]Model Inputs'!$D$17
Name CFRChoices: '[1]Source Tables'!$A$16:$A$26
Name ChartE2L_: OFFSET([1]BetaSolver!$A$12,0,0,COUNTA([1]BetaSolver!$A$12:$Z$1000),1)
Name Confidential.Banner: [2]Abbreviation!$L$83:$L$84
Name Conv.Qualifiers: [2]Abbreviation!$I$6:$K$20
Name Corrupt_Haver: '[2]Haver Feed_WBGov.Gov.Eff.'!#REF!
Name Country.List: '[2]Country.List'!$B$4:$B$182
Name Credit.Boom.Data: '[2]Credit.Boom.Data'!$A$5:$D$251
Name CumExpLoss: '[1]Source Tables'!$E$32:$I$52
Name CurrenciesStart: [1]Lookups!$H$59
Name Currency_Lookback: OFFSET(CurrenciesStart,0,1,COUNTA(CurrencyRecords),2)
Name CurrencyChoices: OFFSET(CurrenciesStart,0,0,COUNTA(CurrencyRecords),1)
Name CurrencyLookup: OFFSET(CurrenciesStart,0,0,COUNTA(CurrencyRecords),2)
Name CurrencyRecords: [1]Lookups!$H$59:$H$1058
Name CurrencyUsed: '[1]Model Inputs'!$D$24
Name CurrencyUsed_Buffer: [1]Buffer!$W$9
Name CurrRatingOptions: [1]Lookups!$L$67:$L$88
Name DD_Cred_Class_Actual: [1]Lookups!$B$3:$B$22
Name DD_HoldCo_OpCo: [1]Lookups!$E$38:$E$77
Name DD_Loan_Type: [1]Lookups!$E$3:$E$4
Name DD_Prec_Inc_Utilization: [1]Lookups!$J$15:$L$25
Name DefaultedExclusion: [1]Buffer!$R$3
Name E2L_Mid_: OFFSET([1]BetaSolver!$C$12,0,0,COUNTA([1]BetaSolver!$C$12:$C$65536),1)
Name E2L_Scenario_: OFFSET([1]BetaSolver!$B$12,0,0,COUNTA([1]BetaSolver!$B$12:$B$1000),1)
Name EL2Ratg: '[1]StabilityBands-4Yr'!$B$5:$C$26
Name ExpLossRate: '[1]Model Inputs'!$D$18
Name ExpLossRates: '[1]Source Tables'!$J$32:$N$52
Name F1xF2xF3.Score: '[2]Rtg.Range'!$I$5:$J$19
Name F3.Filter: [2]Abbreviation!$B$26:$B$28
Name F4.Score: '[2]Rtg.Range'!$L$5:$M$19
Name Family_DP_: '[1]Model Inputs'!$D$22
Name FamilyInDefault: '[1]Model Inputs'!$D$23
Name FDI_liabs_Haver_years: '[2]Haver Feed_IMFBOP'!$A$2:$I$2
Name FDI_liabs_Haverfeed: '[2]Haver Feed_IMFBOP'!$A$3:$I$552
Name Full.Rtg.Scale: [2]Abbreviation!$E$40:$E$60
Name GDPpercap_Haver: '[2]Haver Feed_WEO'!#REF!
Name Gov.Fi.Match: [2]F1xF2xF3.Matrix!$D$5:$R$5
Name Gov.Fi.Matrix: [2]F1xF2xF3.Matrix!$D$6:$R$20
Name High: "High"
Name Index.Conv.Qualifiers: [2]Abbreviation!$I$5
Name Input_RR_EV_: '[1]Model Inputs'!$D$19
Name InSyncWithDBLiab: [1]Backend!$B$10
Name InSyncWithDBModel: [1]Backend!$B$11
Name LGD_lookup_: '[1]Source Tables'!$J$3:$K$8
Name LiabilityInputsInputs: '[1]Liability Inputs'!$A$1:$Q$65536,'[1]Liability Inputs'!$T$1:$V$65536,'[1]Liability Inputs'!$Y$1:$Y$65536,'[1]Liability Inputs'!$AD$1:$AD$65536
Name LiabilityRequiredInputs: '[1]Liability Inputs'!$B$1:$C$65536,'[1]Liability Inputs'!$D$1:$D$65536,'[1]Liability Inputs'!$I$1:$I$65536,'[1]Liability Inputs'!$N$1:$Q$65536
Name Loss2Rtg_: '[1]Source Tables'!$B$6:$C$27
Name Low: "Low"
Name Ltd_Default_Type: [1]Buffer!$R$2:$R$4
Name MassiveLookup: '[1]StabilityBands-4Yr'!$M$2:$AA$23
Name Mids: '[1]StabilityBands-4Yr'!$C$5:$D$26
Name ModelInputsInputs: '[1]Model Inputs'!$C$3:$D$6,'[1]Model Inputs'!$C$9:$D$13,'[1]Model Inputs'!$B$28:$D$37
Name MR.Percent.List: [2]Abbreviation!$I$83:$I$104
Name No: [1]Buffer!$B$5

Sheet Table of Contents
B15: Sovereign and Supranational Rating List
B16: 46143
B19: CONTENTS BY TAB (click)
B20: Sovereign Ratings Summary
B21: Sovereign Ratings History
B22: Country Ceilings History
B23: Supranational Issuers
B24: Supranational Issuers History
B25: Short-term Ratings
B26: Definitions
B27: Disclaimer
B29: Note: Sovereign and Supranational Rating List is typically updated on Friday.

Sheet Sovereign Ratings Summary
A1: vlookup columns | B1: 1 | C1: =B1+1 -> 2 | D1: =C1+1 -> 3 | E1: =D1+1 -> 4 | F1: =E1+1 -> 5 | G1: =F1+1 -> 6 | H1: =G1+1 -> 7 | I1: =H1+1 -> 8 | J1: =I1+1 -> 9 | L1: =C1+1 -> 3 | M1: =L1+1 -> 4 | N1: =M1+1 -> 5 | O1: =N1+1 -> 6 | P1: =O1+1 -> 7 | Q1: =P1+1 -> 8 | R1: =Q1+1 -> 9
B3: Sovereign Ratings Summary
B4: 46143
D6: SOVEREIGN RATINGS | L6: COUNTRY CEILINGS
D7: FOREIGN CURRENCY | H7: LOCAL CURRENCY | L7: FOREIGN CURRENCY | P7: LOCAL CURRENCY
L8: Bonds | N8: Bank Deposits
L9: Long-term | N9: Long-term | P9: Bonds | R9: Deposits
B10: Abu Dhabi | D10: Aa2 | F10: STA | H10: Aa2 | J10: STA | L10: - | N10: - | P10: - | R10: -
B11: Albania | D11: Ba3 | F11: STA | H11: Ba3 | J11: STA | L11: Ba1 | N11: Ba2 | P11: Baa2 | R11: Baa3
B12: Andorra | D12: Baa1 | F12: POS | H12: Baa1 | J12: POS | L12: Aa3 | P12: -
B13: Angola | D13: B3 | F13: STA | H13: B3 | J13: STA | L13: B3 | N13: Caa1 | P13: B1 | R13: B2
B14: Argentina | D14: Caa1 | F14: STA | H14: Caa1 | J14: STA | L14: B2 | N14: Caa3 | P14: B1 | R14: Caa1
B15: Armenia | D15: Ba3 | F15: STA | H15: Ba3 | J15: STA | L15: Ba1 | N15: Ba1 | P15: Baa2 | R15: Baa2
B16: Aruba | D16: Baa3 | F16: POS | H16: Baa3 | J16: POS | L16: A3 | N16: Ba1 | P16: A1 | R16: Baa2
B17: Australia | D17: Aaa | F17: STA | H17: Aaa | J17: STA | L17: Aaa | N17: Aaa | P17: Aaa | R17: Aaa
B18: Austria | D18: Aa1 | F18: NEG | H18: Aa1 | J18: NEG | L18: Aaa | N18: Aaa | P18: Aaa | R18: Aaa
B19: Azerbaijan | D19: Baa3 | F19: POS | H19: Baa3 | J19: POS | L19: Baa3 | N19: Ba2 | P19: Baa1 | R19: Baa3
B20: Bahamas | D20: Ba3 | F20: STA | H20: Ba3 | J20: STA | L20: Baa3 | N20: Baa2 | P20: Baa2 | R20: Baa1
B21: Bahamas-Offshore Banks | D21: - | F21: - | H21: - | J21: - | L21: WR | N21: WR | P21: - | R21: -
B22: Bahrain | D22: B2 | F22: NEG | H22: B2 | J22: NEG | L22: Ba3 | N22: B1 | P22: Ba2 | R22: Ba3
B23: Bahrain-Offshore Banks [1] | D23: - | F23: - | H23: - | J23: - | L23: WR | N23: WR | P23: - | R23: -
B24: Bangladesh | D24: B2 | F24: NEG | H24: B2 | J24: NEG | L24: B2 | N24: Ba2 | P24: Ba3 | R24: Baa3
... B162: Zambia | D162: Caa2 | F162: POS | H162: Caa2 | J162: POS | L162: B3 | N162: Caa3 | P162: B2 | R162: Caa1
B163: [1] Wholesale Banks.
B164: [2] Senior Unsecured Rating
B166: Current as of 12/10/2015; 330pm

Sheet Sovereign Ratings History
B3: Sovereign Ratings History*
B4: 46143
D6: LONG TERM RATINGS | H6: OUTLOOK | J6: REVIEW ACTION | N6: SHORT TERM RATINGS | R6: ACTION DATE
D9: FOREIGN CURRENCY | F9: LOCAL CURRENCY | J9: FOREIGN CURRENCY | L9: LOCAL CURRENCY | N9: FOREIGN CURRENCY | P9: LOCAL CURRENCY
B10: Abu Dhabi | D10: Aa2 | F10: Aa2 | H10: STA | J10: - | L10: - | N10: P-1 | P10: P-1 | R10: 45736
B11: Abu Dhabi | D11: Aa2 | F11: Aa2 | H11: STA | J11: - | L11: - | N11: P-1 | P11: P-1 | R11: 45006
B12: Abu Dhabi | D12: Aa2 | F12: Aa2 | H12: STA | J12: - | L12: - | N12: P-1 | P12: P-1 | R12: 44320
B13: Abu Dhabi | D13: Aa2 | F13: Aa2 | H13: STA | J13: - | L13: - | N13: P-1 | P13: P-1 | R13: 42880
B14: Abu Dhabi | D14: Aa2 | F14: Aa2 | H14: NEG | J14: Confirmed | L14: Confirmed | N14: P-1 | P14: P-1 | R14: 42504
B15: Abu Dhabi | D15: Aa2 | F15: Aa2 | H15: RUR | J15: Review for Downgrade | L15: Review for Downgrade | N15: P-1 | P15: P-1 | R15: 42433
B16: Abu Dhabi | D16: Aa2 | F16: Aa2 | H16: STA | J16: - | L16: - | N16: P-1 | P16: P-1 | R16: 39274
B17: Albania | D17: Ba3 | F17: Ba3 | H17: STA | J17: - | L17: - | N17: - | P17: - | R17: 45583
B18: Albania | D18: B1 | F18: B1 | H18: POS | J18: - | L18: - | N18: - | P18: - | R18: 45401
B19: Albania | D19: B1 | F19: B1 | H19: STA | J19: - | L19: - | N19: - | P19: - | R19: 45023
B20: Albania | D20: B1 | F20: B1 | H20: STA | J20: - | L20: - | N20: - | P20: - | R20: 44337
B21: Albania | D21: B1 | F21: B1 | H21: STA | J21: - | L21: - | N21: - | P21: - | R21: 39262
... B167: Bahrain | D167: Ba1 | F167: - | H167: - | J167: - | L167: - | N167: - | P167: - | R167: 35093
B168: Bangladesh | D168: B2 | F168: B2 | H168: NEG | N168: NP | P168: NP | R168: 45614
B169: Bangladesh | D169: B1 | F169: B1 | H169: STA | N169: NP | P169: NP | R169: 45076
B170: Bangladesh | D170: Ba3 | F170: Ba3 | H170: RUR | J170: Review for Downgrade | L170: Review for Downgrade | N170: NP | P170: NP | R170: 44904
B171: Bangladesh | D171: Ba3 | F171: Ba3 | H171: STA | J171: - | L171: - | N171: NP | P171: NP | R171: 44649
B172: Bangladesh | D172: Ba3 | F172: Ba3 | H172: STA | J172: - | L172: - | N172: NP | P172: NP | R172: 40280
B173: Barbados | D173: B2 | F173: B2 | H173: STA | J173: - | L173: - | N173: - | P173: - | R173: 45761
B174: Barbados | D174: B3 | F174: B3 | H174: STA | J174: - | L174: - | N174: - | P174: - | R174: 45141
B175: Barbados | D175: Caa1 | F175: Caa1 | H175: STA | J175: - | L175: - | N175: - | P175: - | R175: 44393
B176: Barbados | D176: Caa1 | F176: Caa1 | H176: STA | J176: - | L176: - | N176: - | P176: - | R176: 43648
B177: Barbados | D177: Caa3 | F177: Caa3 | H177: STA | J177: - | L177: - | N177: - | P177: - | R177: 42803
B178: Barbados | D178: Caa1 | F178: Caa1 | H178: STA | J178: - | L178: - | N178: - | P178: - | R178: 42461
B179: Barbados | D179: B3 | F179: B3 | H179: NEG | J179: - | L179: - | N179: - | P179: - | R179: 41792
B180: Barbados | D180: Ba3 | F180: Ba3 | H180: NEG | J180: - | L180: - | N180: - | P180: - | R180: 41628
B181: Barbados | D181: Ba1 | F181: Ba1 | H181: NEG | J181: - | L181: - | N181: - | P181: - | R181: 41263
... B248: Bermuda | D248: Aa1 | F248: - | H248: - | J248: - | L248: - | N248: - | P248: - | R248: 34495
B249: Bolivia | D249: Caa3 | F249: Caa3 | H249: POS | N249: - | P249: - | R249: 46099
B250: Bolivia | D250: Ca | F250: Ca | H250: STA | N250: - | P250: - | R250: 45764
B251: Bolivia | D251: Caa3 | F251: Caa3 | H251: STA | N251: - | P251: - | R251: 45408
B252: Bolivia | D252: Caa1 | F252: Caa1 | H252: NEG | N252: - | P252: - | R252: 45107
B253: Bolivia | D253: Caa1 | F253: Caa1 | H253: RUR | J253: Review for Downgrade | L253: Review for Downgrade | N253: - | P253: - | R253: 45009
B254: Bolivia | D254: B2 | F254: B2 | H254: NEG | J254: - | L254: - | N254: - | P254: - | R254: 44469
B255: Bolivia | D255: B2 | F255: B2 | H255: STA | J255: - | L255: - | N255: - | P255: - | R255: 44096
B256: Bolivia | D256: B1 | F256: B1 | H256: NEG | J256: - | L256: - | N256: - | P256: - | R256: 43900
B257: Bolivia | D257: Ba3 | F257: Ba3 | H257: RUR | J257: Review for Downgrade | L257: Review for Downgrade | N257: - | P257: - | R257: 43804
B258: Bolivia | D258: Ba3 | F258: Ba3 | H258: STA | J258: - | L258: - | N258: - | P258: - | R258: 42948
B259: Bolivia | D259: Ba3 | F259: Ba3 | H259: NEG | J259: - | L259: - | N259: - | P259: - | R259: 42531
B260: Bolivia | D260: Ba3 | F260: Ba3 | H260: STA | J260: - | L260: - | N260: - | P260: - | R260: 41068
B261: Bolivia | D261: B1 | F261: B1 | H261: POS | J261: - | L261: - | N261: - | P261: - | R261: 40514
B262: Bolivia | D262: B2 | F262: B2 | H262: RUR | J262: Review for Upgrade | L262: Review for Upgrade | N262: - | P262: - | R262: 40353
B263: Bolivia | D263: B2 | F263: B2 | H263: STA | J263: - | L263: - | N263: - | P263: - | R263: 40084
B264: Bolivia | D264: B3 | F264: B3 | H264: STA | J264: - | L264: - | N264: - | P264: - | R264: 37940
... B276: Bosnia and Herzegovina | D276: B3 | F276: B3 | H276: POS | J276: - | L276: - | N276: - | P276: - | R276: 38075
B277: Botswana | D277: Baa1 | F277: Baa1 | H277: NEG | R277: 45947
B278: Botswana | D278: A3 | F278: A3 | H278: NEG | J278: - | L278: - | N278: - | P278: - | R278: 45751
B279: Botswana | D279: A3 | F279: A3 | H279: STA | J279: - | L279: - | N279: - | P279: - | R279: 45226
B280: Botswana | D280: A3 | F280: A3 | H280: STA | J280: - | L280: - | N280: - | P280: - | R280: 44309
B281: Botswana | D281: A2 | F281: A2 | H281: NEG | J281: - | L281: - | N281: - | P281: - | R281: 43980
B282: Botswana | D282: A2 | F282: A2 | H282: STA | J282: - | L282: - | N282: - | P282: - | R282: 40871
B283: Botswana | D283: A2 | F283: A2 | H283: NEG | J283: - | L283: - | N283: - | P283: - | R283: 40228
B284: Botswana | D284: A2 | F284: A2 | H284: STA | J284: Confirmed | L284: Confirmed | N284: - | P284: - | R284: 39884
B285: Botswana | D285: A2 | F285: A1 | H285: POS(m) | J285: - | L285: - | N285: - | P285: - | R285: 39301
B286: Botswana | D286: A2 | F286: A1 | H286: STA | J286: - | L286: - | N286: - | P286: - | R286: 37940
B287: Botswana | D287: A2 | F287: A1 | H287: - | J287: - | L287: - | N287: - | P287: - | R287: 36962
B288: Brazil | D288: Ba1 | F288: Ba1 | H288: STA | J288: - | L288: - | N288: - | P288: - | R288: 45807
B289: Brazil | D289: Ba1 | F289: Ba1 | H289: POS | J289: - | L289: - | N289: - | P289: - | R289: 45566
... B931: Iraq | D931: Caa1 | F931: Caa1 | H931: STA | J931: - | L931: - | N931: - | P931: - | R931: 42950
B932: Ireland | D932: Aa3 | F932: Aa3 | H932: POS | R932: 45884
B933: Ireland | D933: Aa3 | F933: Aa3 | H933: POS | J933: - | L933: - | N933: - | P933: - | R933: 45520
B934: Ireland | D934: Aa3 | F934: Aa3 | H934: STA | J934: - | L934: - | N934: - | P934: - | R934: 45037
B935: Ireland | D935: A1 | F935: A1 | H935: POS | J935: - | L935: - | N935: - | P935: - | R935: 44687
B936: Ireland | D936: A2 | F936: A2 | H936: POS | J936: - | L936: - | N936: - | P936: - | R936: 44421
B937: Ireland | D937: A2 | F937: A2 | H937: STA | J937: - | L937: - | N937: - | P937: - | R937: 42993
B938: Ireland | D938: A3 | F938: A3 | H938: POS | J938: - | L938: - | N938: - | P938: - | R938: 42504
B939: Ireland | D939: Baa1 | F939: Baa1 | H939: POS | J939: - | L939: - | N939: - | P939: - | R939: 42258
B940: Ireland | D940: Baa1 | F940: Baa1 | H940: STA | J940: - | L940: - | N940: - | P940: - | R940: 41775
B941: Ireland | D941: Baa3 | F941: Baa3 | H941: POS | J941: - | L941: - | N941: - | P941: - | R941: 41656
B942: Ireland | D942: Ba1 | F942: Ba1 | H942: STA | J942: - | L942: - | N942: - | P942: - | R942: 41537
B943: Ireland | D943: Ba1 | F943: Ba1 | H943: NEG | J943: - | L943: - | N943: - | P943: - | R943: 40736
B944: Ireland | D944: Baa3 | F944: Baa3 | H944: NEG | J944: - | L944: - | N944: - | P944: - | R944: 40648
... B1275: Malaysia | D1275: A3 | F1275: - | H1275: - | J1275: - | L1275: - | N1275: - | P1275: - | R1275: 32944
B1276: Malaysia | D1276: Baa1 | F1276: - | H1276: - | J1276: - | L1276: - | P1276: - | R1276: 31430
B1277: Maldives | D1277: Caa2 | F1277: Caa2 | H1277: STA | J1277: - | L1277: - | N1277: - | P1277: - | R1277: 45988
B1278: Maldives | D1278: Caa2 | F1278: Caa2 | H1278: NEG | J1278: - | L1278: - | N1278: - | P1278: - | R1278: 45629
B1279: Maldives | D1279: Caa2 | F1279: Caa2 | H1279: RUR | J1279: Review for Downgrade | L1279: Review for Downgrade | N1279: - | P1279: - | R1279: 45546
B1280: Maldives | D1280: Caa1 | F1280: Caa1 | H1280: STA | J1280: - | L1280: - | N1280: - | P1280: - | R1280: 45223
B1281: Maldives | D1281: Caa1 | F1281: Caa1 | H1281: STA | J1281: - | L1281: - | N1281: - | P1281: - | R1281: 44425
B1282: Maldives | D1282: B3 | F1282: B3 | H1282: NEG | J1282: - | L1282: - | N1282: - | P1282: - | R1282: 43972
B1283: Maldives | D1283: B2 | F1283: B2 | H1283: NEG | J1283: - | L1283: - | N1283: - | P1283: - | R1283: 43306
B1284: Maldives | D1284: B2 | F1284: B2 | H1284: STA | J1284: - | L1284: - | N1284: - | P1284: - | R1284: 42615
B1285: Mali | D1285: Caa2 | F1285: Caa2 | H1285: STA | J1285: - | L1285: - | N1285: - | P1285: - | R1285: 45454
B1286: Mali | D1286: Caa2 | F1286: Caa2 | H1286: STA | J1286: - | L1286: - | N1286: - | P1286: - | R1286: 44813
B1287: Mali | D1287: Caa2 | F1287: Caa2 | H1287: NEG | J1287: - | L1287: - | N1287: - | P1287: - | R1287: 44715
B1288: Mali | D1288: Caa2 | F1288: Caa2 | H1288: RUR | J1288: Review for Downgrade | L1288: Review for Downgrade | N1288: - | P1288: - | R1288: 44596
... B1362: Moldova | D1362: Ba2 | F1362: - | H1362: - | J1362: - | L1362: - | N1362: - | P1362: - | R1362: 35444
B1363: Mongolia | D1363: B1 | F1363: B1 | H1363: STA | N1363: NP | P1363: NP | R1363: 45946
B1364: Mongolia | D1364: B2 | F1364: B2 | H1364: STA | J1364: - | L1364: - | N1364: NP | P1364: NP | R1364: 45614
B1365: Mongolia | D1365: B3 | F1365: B3 | H1365: STA | J1365: - | L1365: - | N1365: NP | P1365: NP | R1365: 44271
B1366: Mongolia | D1366: B3 | F1366: B3 | H1366: NEG | J1366: - | L1366: - | N1366: NP | P1366: NP | R1366: 43959
B1367: Mongolia | D1367: B3 | F1367: B3 | H1367: STA | J1367: - | L1367: - | N1367: NP | P1367: NP | R1367: 43118
B1368: Mongolia | D1368: Caa1 | F1368: Caa1 | H1368: STA | J1368: Confirmed | L1368: Confirmed | N1368: NP | P1368: NP | R1368: 42824
B1369: Mongolia | D1369: Caa1 | F1369: Caa1 | H1369: RUR | J1369: Review for Downgrade | L1369: Review for Downgrade | N1369: NP | P1369: NP | R1369: 42781
B1370: Mongolia | D1370: Caa1 | F1370: Caa1 | H1370: STA | J1370: - | L1370: - | N1370: NP | P1370: NP | R1370: 42692
B1371: Mongolia | D1371: B3 | F1371: B3 | H1371: RUR | J1371: Review for Downgrade | L1371: Review for Downgrade | N1371: NP | P1371: NP | R1371: 42608
...

Sheet Country Ceilings History
A1: vlookup columns | B1: 1 | C1: =B1+1 -> 2 | D1: =C1+1 -> 3 | E1: =#REF!+1 -> #REF! | F1: =E1+1 -> #REF!
B3: Country Ceilings History
B4: 46143
D6: COUNTRY CEILINGS | H6: ACTION DATE
D7: FOREIGN CURRENCY | F7: LOCAL CURRENCY
D8: Bonds
D9: Long-term | F9: Bonds
B10: Abu Dhabi | D10: - | F10: - | H10: -
B11: Albania | D11: Ba1 | F11: Baa2 | H11: 45583
B12: Albania | D12: Ba2 | F12: Baa3 | H12: 45401
B13: Albania | D13: Ba2 | F13: Baa3 | H13: 45023
B14: Albania | D14: Ba2 | F14: Baa3 | H14: 44337
B15: Albania | D15: Ba2 | F15: Baa3 | H15: 44172
B16: Andorra | D16: Aa3 | F16: - | H16: 46045
B17: Andorra | D17: Aa3 | F17: - | H17: 45310
B18: Andorra | D18: A1 | F18: - | H18: 44596
B19: Angola | D19: B3 | F19: B1 | H19: 45625
B20: Angola | D20: B3 | F20: B1 | H20: 45223
B21: Angola | D21: B3 | F21: B1 | H21: 44854
B22: Angola | D22: B3 | F22: B1 | H22: 44452
... B540: Serbia | D540: Ba1 | F540: Baa2 | H540: 44172
B541: Sharjah | D541: - | F541: - | H541: -
B542: Singapore | D542: Aaa | F542: Aaa | H542: 45439
B543: Singapore | D543: Aaa | F543: Aaa | H543: 44698
B544: Singapore | D544: Aaa | F544: Aaa | H544: 44172
B545: Slovakia | D545: Aaa | F545: Aaa | H545: 45639
B546: Slovakia | D546: Aaa | F546: Aaa | H546: 45254
B547: Slovakia | D547: Aaa | F547: Aaa | H547: 44778
B548: Slovakia | D548: Aaa | F548: Aaa | H548: 44365
B549: Slovakia | D549: Aaa | F549: Aaa | H549: 44172
B550: Slovenia | D550: Aaa | F550: Aaa | H550: 46080
B551: Slovenia | D551: Aaa | F551: Aaa | H551: 45576
B552: Slovenia | D552: Aaa | F552: Aaa | H552: 44855
B553: Slovenia | D553: Aaa | F553: Aaa | H553: 44172
... B668: Zambia | D668: Caa3 | F668: Caa1 | H668: 44172
B669: [1] Wholesale Banks.
B670: [2] Senior Unsecured Rating
B672: Current as of 12/10/2015; 330pm

Sheet Supranationals Issuers
B2: Supranational Issuers
B3: 46143
D4: Long-Term
B5: Issuer | D5: Senior | G5: Short-Term | I5: Outlook
B6: African Development Bank (AfDB) | D6: Aaa | G6: P-1 | I6: STA
B7: African Export-Import Bank (Afreximbank) | D7: Baa2 [1] | E7: — | G7: P-2 | I7: STA
B8: Africa Finance Corporation (AFC) | D8: A3 | E8: — | G8: P-2 | I8: STA
B9: African Local Currency Bond Fund (ALCB) | D9: Baa1 [1] | E9: — | G9: — | I9: STA
B10: Arab Bank for Economic Development in Africa (BADEA) | D10: Aa1 | E10: — | G10: P-1 | I10: STA
B11: The Arab Energy Fund (TAEF) | D11: Aa2 | E11: — | G11: P-1 | I11: STA
B12: Asian Development Bank (ADB) | D12: Aaa | E12: — | G12: P-1 | I12: STA
B13: Asian Infrastructure Investment Bank (AIIB) | D13: Aaa | E13: — | G13: P-1 | I13: STA
B14: Banq Dev des Etats de l'Afr Cent (BDEAC) | D14: Ba3 | G14: — | I14: STA
B15: Black Sea Trade & Develop. Bank (BSTDB) | D15: Baa2 [1] | E15: — | G15: P-3 [1] | I15: STA
B16: Caribbean Development Bank (CDB) | D16: Aa1 | E16: — | G16: — | I16: STA
B17: Central Amer.Bk for Econ. Integr (CABEI) | D17: Aa3 | E17: — | G17: P-1 [1] | I17: POS
B18: CIF Capital Markets Mechanism (CCMM) | D18: Aa1 [1] | G18: — | I18: STA
B19: Corporacion Andina de Fomento (CAF) | D19: Aa3 | E19: — | G19: P-1 | I19: POS
B20: Council of Europe Develop. Bank (CEB) | D20: Aaa | E20: — | G20: P-1 | I20: STA
B21: East African Development Bank (EADB) | D21: Baa3 | E21: — | G21: — | I21: STA
B22: ECOWAS Bank For Investment and Development (EBID) | D22: B2[1] | E22: — | G22: — | I22: STA
B23: EFSF (European Financial Stability Facility) | D23: Aaa | E23: — | G23: (P)P-1 | I23: NEG
B24: Emerging Africa Infrastructure Fund (EAIF) | D24: A2 [1] | E24: — | G24: — | I24: STA
B25: Eurasian Development Bank (EDB) | D25: WR | E25: — | G25: WR | I25: RWR
B26: Eurofima | D26: Aa2 | E26: — | G26: P-1 | I26: STA
B27: European Bank for Rec. & Dev. (EBRD) | D27: Aaa | E27: — | G27: P-1 [1] | I27: STA
B28: European Investment Bank (EIB) | D28: Aaa | E28: — | G28: P-1 | I28: STA
B29: European Investment Fund (EIF) | D29: Aaa [1] | E29: — | G29: — | I29: STA
B30: European Stability Mechanism (ESM) | D30: Aaa | E30: — | G30: P-1 | I30: STA
... B35: Global Climate Partnership Fund (GCPF) | D35: A3 [1] | E35: — | G35: — | I35: STA
B36: Global Gender-Smart Fund S.A., SICAV-SIF (GGSF) | D36: A3 | G36: — | I36: STA
B37: GuarantCo | D37: A1 | E37: — | G37: — | I37: STA
B38: Gulf Investment Corporation G.S.C. (GIC) | D38: A2 | E38: — | G38: P-1 | I38: STA
B39: International Bank for Economic Co-operation (IBEC) | D39: WR | E39: — | G39: — | I39: RWR
B40: IBRD (World Bank) | D40: Aaa | E40: — | G40: P-1 | I40: STA
B41: Int'l Fin. Facil. for Education (IFFEd) | D41: Aaa [1] | G41: — | I41: STA
B42: Int'l Fin. Facil. for Immunisation (IFFIm) | D42: Aa1 | E42: — | G42: P-1 [1] | I42: STA
B43: Inter-American Development Bank (IADB) | D43: Aaa | E43: — | G43: P-1 [1] | I43: STA
B44: Inter-American Investment Corp (IDB) | D44: Aa1 [1] | E44: — | G44: P-1 [1] | I44: STA
B45: International Development Association (IDA) | D45: Aaa [1] | E45: — | G45: P-1 | I45: STA
B46: International Finance Corp (IFC) | D46: Aaa | E46: — | G46: (P) P-1 | I46: STA
B47: International Investment Bank (IIB) | D47: WR | E47: — | G47: — | I47: RWR
B48: International Islamic Trade Finance Corporation (ITFC) | D48: A1 | E48: — | G48: P-1 | I48: STA
B49: Islamic Corporation for the Development of the Private Sector (ICD) | D49: A2 [1] | E49: — | G49: P-1 [1] | I49: STA
B50: Islamic Development Bank (IsDB) | D50: Aaa [1] | E50: — | G50: P-1 [1] | I50: STA
B51: Nordic Investment Bank (NIB) | D51: Aaa | E51: — | G51: P-1 | I51: STA
B52: North American Development Bank (NADB) | D52: Aa1 | E52: — | G52: P-1 | I52: NEG
B53: The Currency Exchange Fund NV (TCX) | D53: Aa3 [1] | E53: — | G53: — | I53: STA
... B55: West Africa Development Bank (BOAD) | D55: Baa1 | E55: — | G55: — | I55: STA
B56: [1] Issuer Rating only

Sheet Supranationals Issuers History
B2: Supranational Issuers History
B3: 46143
D4: Long-Term
B6: Issuer | D6: Senior | G6: Short Term | I6: Outlook | K6: Rating Date
B7: African Development Bank (AfDB) | D7: Aaa | E7: - | G7: P-1 | I7: STA | K7: 45926
B8: African Development Bank (AfDB) | D8: Aaa | E8: - | G8: P-1 | I8: STA | K8: 45218
B9: African Development Bank (AfDB) | D9: Aaa | E9: - | G9: P-1 | I9: STA | K9: 44497
B10: African Development Bank (AfDB) | D10: Aaa | E10: - | G10: P-1 | I10: STA | K10: 10/25/2019
B11: African Development Bank (AfDB) | D11: Aaa | E11: - | G11: P-1 | I11: STA | K11: 08/25/2017
B12: African Development Bank (AfDB) | D12: Aaa | E12: - | G12: P-1 | I12: STA | K12: 08/29/2014
B13: African Development Bank (AfDB) | D13: Aaa | E13: - | G13: P-1 | I13: STA | K13: 40418
B14: African Development Bank (AfDB) | D14: Aaa | E14: - | G14: P-1 | I14: STA | K14: 11/15/2003
B15: African Development Bank (AfDB) | D15: Aaa | E15: - | G15: P-1 | I15: - | K15: 03/15/2000
B16: African Development Bank (AfDB) | D16: Aaa | E16: - | G16: - | I16: - | K16: 34712
B17: African Development Bank (AfDB) | D17: Aaa | E17: - | G17: - | I17: - | K17: 12/21/1994
B18: African Development Bank (AfDB) | D18: Aaa | E18: - | G18: - | I18: - | K18: 03/23/1984
B19: African Export-Import Bank (Afreximbank) | D19: Baa2 | E19: - | G19: P-2 | I19: STA | K19: 45839
B20: African Export-Import Bank (Afreximbank) | D20: Baa1 | E20: - | G20: P-2 | I20: NEG | K20: 45341
B21: African Export-Import Bank (Afreximbank) | D21: Baa1 | E21: - | G21: - | I21: STA | K21: 44376
B22: African Export-Import Bank (Afreximbank) | D22: Baa1 | E22: - | G22: - | I22: STA | K22: 08/09/2019
B23: African Export-Import Bank (Afreximbank) | D23: Baa1 | E23: - | G23: - | I23: STA | K23: 01/23/2017
B24: African Export-Import Bank (Afreximbank) | D24: Baa2 | E24: - | G24: - | I24: STA | K24: 07/22/2015
B25: African Export-Import Bank (Afreximbank) | D25: Baa2 | E25: - | G25: - | I25: NEG | K25: 09/11/2014
B26: African Export-Import Bank (Afreximbank) | D26: Baa2 | E26: - | G26: - | I26: NEG | K26: 03/05/2014
B27: African Export-Import Bank (Afreximbank) | D27: Baa2 | E27: - | G27: - | I27: STA | K27: 07/25/2011
B28: African Export-Import Bank (Afreximbank) | D28: Baa2 | E28: - | G28: - | I28: STA | K28: 05/28/2010
B29: Africa Finance Corporation (AFC) | D29: A3 | E29: - | G29: P-2 | I29: STA | K29: 45559
B30: Africa Finance Corporation (AFC) | D30: A3 | E30: - | G30: P-2 | I30: NEG | K30: 44984
B31: Africa Finance Corporation (AFC) | D31: A3 | E31: - | G31: P-2 | I31: STA | K31: 44349
B32: Africa Finance Corporation (AFC) | D32: A3 | E32: - | G32: P-2 | I32: NEG | K32: 05/05/2020
B33: Africa Finance Corporation (AFC) | D33: A3 | E33: - | G33: P-2 | I33: STA | K33: 12/13/2018
B34: Africa Finance Corporation (AFC) | D34: A3 | E34: - | G34: P-2 | I34: STA | K34: 05/06/2015
B35: Africa Finance Corporation (AFC) | D35: (P)A3 | E35: - | G35: P-2 | I35: STA | K35: 04/15/2015
B36: Africa Finance Corporation (AFC) | D36: A3 | E36: - | G36: P-2 | I36: STA | K36: 03/03/2014
B37: African Local Currency Bond Fund (ALCB) | D37: Baa1 | E37: - | G37: - | I37: STA | K37: 45478
B38: African Local Currency Bond Fund (ALCB) | D38: Baa1 | E38: - | G38: - | I38: STA | K38: 45065
B39: African Local Currency Bond Fund (ALCB) | D39: Baa2 | E39: - | G39: - | I39: STA | K39: 44344
B40: African Local Currency Bond Fund (ALCB) | D40: Baa2 | E40: - | G40: - | I40: STA | K40: 05/21/2019
B41: Arab Bank for Economic Development in Africa (BADEA) | D41: Aa1 | E41: - | G41: P-1 | I41: STA | K41: 45825
B42: Arab Bank for Economic Development in Africa (BADEA) | D42: Aa1 | E42: - | G42: - | I42: STA | K42: 45433
B43: Arab Bank for Economic Development in Africa (BADEA) | D43: Aa2 [1] | E43: - | G43: - | I43: POS | K43: 44994
B44: Arab Bank for Economic Development in Africa (BADEA) | D44: Aa2 [1] | E44: - | G44: - | I44: POS | K44: 44610
B45: The Arab Energy Fund (TAEF) | D45: Aa2 | E45: - | G45: P-1 | I45: STA | K45: 45806
B46: Arab Petroleum Investments Corp. (APICORP) | D46: Aa2 | E46: - | G46: P-1 | I46: STA | K46: 45127
B47: Arab Petroleum Investments Corp. (APICORP) | D47: Aa2 | E47: - | G47: P-1 | I47: STA | K47: 44406
B48: Arab Petroleum Investments Corp. (APICORP) | D48: Aa2 | E48: - | G48: P-1 | I48: STA | K48: 10/10/2019
B49: Arab Petroleum Investments Corp. (APICORP) | D49: Aa3 | E49: - | G49: P-1 | I49: POS | K49: 10/18/2018
B50: Arab Petroleum Investments Corp. (APICORP) | D50: Aa3 | E50: - | G50: P-1 | I50: STA | K50: 09/25/2012
B51: Arab Petroleum Investments Corp. (APICORP) | D51: A1 | E51: - | G51: P-1 | I51: STA | K51: 10/27/2010
B52: Arab Petroleum Investments Corp. (APICORP) | D52: (P)A1 | E52: - | G52: P-1 | I52: STA | K52: 09/30/2010
B53: Arab Petroleum Investments Corp. (APICORP) | D53: A1 | E53: - | G53: P-1 | I53: STA | K53: 06/08/2010
B54: Asian Development Bank (ADB) | D54: Aaa | E54: - | G54: P-1 | I54: STA | K54: 45860
B55: Asian Development Bank (ADB) | D55: Aaa | E55: - | G55: P-1 | I55: STA | K55: 45127
B56: Asian Development Bank (ADB) | D56: Aaa | E56: - | G56: P-1 | I56: STA | K56: 44410
B57: Asian Development Bank (ADB) | D57: Aaa | E57: - | G57: P-1 | I57: STA | K57: 11/15/2003
B58: Asian Development Bank (ADB) | D58: Aaa | E58: - | G58: P-1 | I58: - | K58: 01/05/2001
B59: Asian Development Bank (ADB) | D59: Aaa | E59: - | G59: - | I59: - | K59: 03/17/1975
B60: Asian Infrastructure Investment Bank (AIIB) | D60: Aaa | E60: - | G60: P-1 | I60: STA | K60: 45749
B61: Asian Infrastructure Investment Bank (AIIB) | D61: Aaa | E61: - | G61: P-1 | I61: STA | K61: 45043
B62: Asian Infrastructure Investment Bank (AIIB) | D62: Aaa | E62: - | G62: P-1 | I62: STA | K62: 44308
B63: Asian Infrastructure Investment Bank (AIIB) | D63: Aaa | E63: - | G63: P-1 | I63: STA | K63: 05/03/2019
B64: Asian Infrastructure Investment Bank (AIIB) | D64: Aaa[1] | E64: - | G64: P-1 | I64: STA | K64: 06/28/2017
B65: Banq Dev des Etats de l'Afr Cent (BDEAC) | D65: Ba3 | G65: — | I65: STA | K65: 45982
B66: Black Sea Trade & Development Bank (BSTDB) | D66: Baa2 | E66: - | G66: P-3 | I66: STA | K66: 45478
B67: Black Sea Trade & Development Bank (BSTDB) | D67: Baa2 | E67: - | G67: P-3 | I67: NEG | K67: 45219
B68: Black Sea Trade & Development Bank (BSTDB) | D68: Baa1 | E68: - | G68: P-2 | I68: NEG | K68: 44743
B69: Black Sea Trade & Development Bank (BSTDB) | D69: Baa1 | E69: - | G69: P-2 | I69: RUR | K69: 44638
B70: Black Sea Trade & Development Bank (BSTDB) | D70: A2 | E70: - | G70: P-1 | I70: STA | K70: 09/30/2016
B71: Black Sea Trade & Development Bank (BSTDB) | D71: A2 | E71: - | G71: P-1 | I71: NEG | K71: 03/19/2015
B72: Black Sea Trade & Development Bank (BSTDB) | D72: A2 | E72: - | G72: P-1 | I72: STA | K72: 02/04/2014
B73: Black Sea Trade & Development Bank (BSTDB) | D73: A3 | E73: - | G73: P-2 | I73: RUR | K73: 12/16/2013
B74: Black Sea Trade & Development Bank (BSTDB) | D74: A3 | E74: - | G74: P-2 | I74: STA | K74: 09/30/2010
B75: Black Sea Trade & Development Bank (BSTDB) | D75: Baa1 | E75: - | G75: P-2 | I75: POS | K75: 05/12/2009
B76: Black Sea Trade & Development Bank (BSTDB) | D76: Baa1[1] | E76: - | G76: P-2 | I76: POS | K76: 12/11/2007
B77: Black Sea Trade & Development Bank (BSTDB) | D77: Baa1[1] | E77: - | G77: P-2 | I77: STA | K77: 10/19/2006
B78: Black Sea Trade & Development Bank (BSTDB) | D78: Baa2[1] | E78: - | G78: P-2 | I78: RUR | K78: 06/29/2006
B79: Black Sea Trade & Development Bank (BSTDB) | D79: Baa2[1] | E79: - | G79: P-2 | I79: STA | K79: 03/23/2004
B80: Caribbean Development Bank (CDB) | D80: Aa1 | E80: - | G80: - | I80: STA | K80: 45828
B81: Caribbean Development Bank (CDB) | D81: Aa1 | E81: - | G81: - | I81: STA | K81: 45131
B82: Caribbean Development Bank (CDB) | D82: Aa1 | E82: - | G82: - | I82: STA | K82: 44336
B83: Caribbean Development Bank (CDB) | D83: Aa1 | E83: - | G83: - | I83: STA | K83: 11/19/2013
B84: Caribbean Development Bank (CDB) | D84: Aa1 | E84: - | G84: - | I84: NEG | K84: 05/11/2012
B85: Caribbean Development Bank (CDB) | D85: Aaa | E85: - | G85: - | I85: RUR | K85: 02/03/2012
B86: Caribbean Development Bank (CDB) | D86: Aaa | E86: - | G86: - | I86: STA | K86: 11/15/2003
B87: Caribbean Development Bank (CDB) | D87: Aaa | E87: - | G87: - | I87: - | K87: 03/06/1992
B88: Central American Bk for Economic Integration (CABEI) | D88: Aa3 | G88: P-1 | I88: POS | K88: 45883
B89: Central American Bk for Economic Integration (CABEI) | D89: Aa3 | E89: - | G89: P-1 | I89: STA | K89: 45161
B90: Central American Bk for Economic Integration (CABEI) | D90: Aa3 | E90: - | G90: P-1 | I90: STA | K90: 44419
B91: Central American Bk for Economic Integration (CABEI) | D91: Aa3 | E91: - | G91: P-1 | I91: STA | K91: 09/18/2019
B92: Central American Bk for Economic Integration (CABEI) | D92: A1 | E92: - | G92: P-1 | I92: POS | K92: 06/19/2018
B93: Central American Bk for Economic Integration (CABEI) | D93: A1 | E93: - | G93: P-1 | I93: STA | K93: 02/25/2014
B94: Central American Bk for Economic Integration (CABEI) | D94: A2 | E94: - | G94: P-1 | I94: RUR | K94: 12/16/2013
B95: Central American Bk for Economic Integration (CABEI) | D95: A2 | E95: - | G95: P-1 | I95: STA | K95: 07/29/2013
B96: Central American Bk for Economic Integration (CABEI) | D96: A2 | E96: - | G96: P-1 | I96: POS | K96: 03/31/2011
B97: Central American Bk for Economic Integration (CABEI) | D97: A2 | E97: - | G97: P-1 | I97: STA | K97: 05/17/2005
B98: Central American Bk for Economic Integration (CABEI) | D98: Baa1 | E98: - | G98: P-2 | I98: STA | K98: 11/15/2003
B99: Central American Bk for Economic Integration (CABEI) | D99: Baa1 | E99: - | G99: P-2 | I99: - | K99: 04/07/2003
B100: Central American Bk for Economic Integration (CABEI) | D100: Baa1[1] | E100: - | G100: P-2 | I100: - | K100: 08/27/2002
B101: CIF Capital Markets Mechanism (CCMM) | D101: Aa1[1] | E101: - | G101: - | I101: STA | K101: 45869
B102: CIF Capital Markets Mechanism (CCMM) | D102: Aa1[1] | E102: - | G102: - | I102: STA | K102: 45569
...

Sheet Short-term Ratings
A1: vlookup columns | B1: 1 | C1: =B1+1 -> 2 | D1: =#REF!+1 -> #REF! | E1: =#REF!+1 -> #REF!
B3: Sovereign: Short-Term Ratings
B4: 46143
D6: Short-term Foreign Currency
D7: RATINGS
B9: Abu Dhabi | D9: P-1
B10: Albania | D10: --
B11: Andorra | D11: --
B12: Angola | D12: NP
B13: Argentina | D13: --
B14: Armenia | D14: --
B15: Aruba | D15: --
B16: Australia | D16: --
B17: Austria | D17: P-1
B18: Azerbaijan | D18: --
B19: Bahamas | D19: --
B20: Bahamas-Offshore Banks | D20: --
... B163: Zambia | D163: --
B164: [1] Wholesale Banks.
B165: [2] Senior Unsecured Rating | D165: Current as of 12/16/2015; 600pm EST

Sheet Definitions and Notes
B2: Definitions
B4: Local-Currency Sovereign Ratings reflect the sovereign's capacity and willingness to obtain local-currency to repay its local-currency financial obligations on a timely basis.
B6: Foreign-Currency Sovereign Ratings reflect the sovereign's capacity and willingness to mobilize foreign exchange to repay its foreign-currency denominated financial obligations on a timely basis.
B8: Country Ceilings reflect the non-diversifiable risk incurred by investors in any sovereign credit environment. Country risk arises because non-sovereign issuers are typically subject to a country’s prevailing economic, institutional, financial and political environment. Local currency country ceilings are relevant to obligations denominated in the currency of the country of domicile or origination, and foreign currency country ceilings are relevant to obligations denominated in a different currency.
B11: Notes
B13: 1. Note that the rating history does not include rating affirmations.
B14: 2. Note that the rating history only captures rating outlooks starting in late 2003, when Moody’s started to record outlooks in a database.
B15: 3. For further details on various rating symbols, rating scales and other ratings-related definitions, please see Moody’s Rating Symbols and Definitions.

Sheet Disclaimer

Sheet Rtg List
A1: Index.Column | B1: =COLUMN() -> 2 | C1: =COLUMN() -> 3 | D1: =COLUMN() -> 4 | E1: =COLUMN() -> 5 | F1: =COLUMN() -> 6 | G1: =COLUMN() -> 7 | H1: =COLUMN() -> 8 | I1: =COLUMN() -> 9 | ... V1: =COLUMN() -> 22
A2: Updating sheet for Sov Scorecard
A3: Gov. Bond Rating | B3: VLookUp.Name | C3: Gov. Bond Rating | H3: FC Ceilings | K3: LC Ceilings
A4: Country.List.Name | C4: FC | D4: Outlook | E4: LC | F4: Outlook | H4: Bond | I4: Deposits | K4: Bond | L4: Deposits
A5: Albania | B5: Albania | C5: =IFERROR(VLOOKUP($B5,'Sovereign Ratings Summary'!$B$10:$R$309,3,FALSE),"--") -> Ba3 | D5: =IFERROR(VLOOKUP($B5,'Sovereign Ratings Summary'!$B$10:$R$309,5,FALSE),"--") -> STA | E5: =IFERROR(VLOOKUP($B5,'Sovereign Ratings Summary'!$B$10:$R$309,7,FALSE),"--") -> Ba3 | F5: =IFERROR(VLOOKUP($B5,'Sovereign Ratings Summary'!$B$10:$R$309,9,FALSE),"--") -> STA | H5: =IFERROR(VLOOKUP($B5,'Sovereign Ratings Summary'!$B$10:$R$309,11,FALSE),"--") -> Ba1 | I5: =IFERROR(VLOOKUP($B5,'Sovereign Ratings Summary'!$B$10:$R$309,13,FALSE),"--") -> Ba2 | K5: =IFERROR(VLOOKUP($B5,'Sovereign Ratings Summary'!$B$10:$R$309,15,FALSE),"--") -> Baa2 | L5: =IFERROR(VLOOKUP($B5,'Sovereign Ratings Summary'!$B$10:$R$309,17,FALSE),"--") -> Baa3 | N5: =""
A6: Angola | B6: Angola | C6: =IFERROR(VLOOKUP($B6,'Sovereign Ratings Summary'!$B$10:$R$309,3,FALSE),"--") -> B3 | D6: =IFERROR(VLOOKUP($B6,'Sovereign Ratings Summary'!$B$10:$R$309,5,FALSE),"--") -> STA | E6: =IFERROR(VLOOKUP($B6,'Sovereign Ratings Summary'!$B$10:$R$309,7,FALSE),"--") -> B3 | F6: =IFERROR(VLOOKUP($B6,'Sovereign Ratings Summary'!$B$10:$R$309,9,FALSE),"--") -> STA | H6: =IFERROR(VLOOKUP($B6,'Sovereign Ratings Summary'!$B$10:$R$309,11,FALSE),"--") -> B3 | I6: =IFERROR(VLOOKUP($B6,'Sovereign Ratings Summary'!$B$10:$R$309,13,FALSE),"--") -> Caa1 | K6: =IFERROR(VLOOKUP($B6,'Sovereign Ratings Summary'!$B$10:$R$309,15,FALSE),"--") -> B1 | L6: =IFERROR(VLOOKUP($B6,'Sovereign Ratings Summary'!$B$10:$R$309,17,FALSE),"--") -> B2 | N6: =""
A7: Argentina | B7: Argentina | C7: =IFERROR(VLOOKUP($B7,'Sovereign Ratings Summary'!$B$10:$R$309,3,FALSE),"--") -> Caa1 | D7: =IFERROR(VLOOKUP($B7,'Sovereign Ratings Summary'!$B$10:$R$309,5,FALSE),"--") -> STA | E7: =IFERROR(VLOOKUP($B7,'Sovereign Ratings Summary'!$B$10:$R$309,7,FALSE),"--") -> Caa1 | F7: =IFERROR(VLOOKUP($B7,'Sovereign Ratings Summary'!$B$10:$R$309,9,FALSE),"--") -> STA | H7: =IFERROR(VLOOKUP($B7,'Sovereign Ratings Summary'!$B$10:$R$309,11,FALSE),"--") -> B2 | I7: =IFERROR(VLOOKUP($B7,'Sovereign Ratings Summary'!$B$10:$R$309,13,FALSE),"--") -> Caa3 | K7: =IFERROR(VLOOKUP($B7,'Sovereign Ratings Summary'!$B$10:$R$309,15,FALSE),"--") -> B1 | L7: =IFERROR(VLOOKUP($B7,'Sovereign Ratings Summary'!$B$10:$R$309,17,FALSE),"--") -> Caa1 | N7: =""
A8: Armenia | B8: Armenia | C8: =IFERROR(VLOOKUP($B8,'Sovereign Ratings Summary'!$B$10:$R$309,3,FALSE),"--") -> Ba3 | D8: =IFERROR(VLOOKUP($B8,'Sovereign Ratings Summary'!$B$10:$R$309,5,FALSE),"--") -> STA | E8: =IFERROR(VLOOKUP($B8,'Sovereign Ratings Summary'!$B$10:$R$309,7,FALSE),"--") -> Ba3 | F8: =IFERROR(VLOOKUP($B8,'Sovereign Ratings Summary'!$B$10:$R$309,9,FALSE),"--") -> STA | H8: =IFERROR(VLOOKUP($B8,'Sovereign Ratings Summary'!$B$10:$R$309,11,FALSE),"--") -> Ba1 | I8: =IFERROR(VLOOKUP($B8,'Sovereign Ratings Summary'!$B$10:$R$309,13,FALSE),"--") -> Ba1 | K8: =IFERROR(VLOOKUP($B8,'Sovereign Ratings Summary'!$B$10:$R$309,15,FALSE),"--") -> Baa2 | L8: =IFERROR(VLOOKUP($B8,'Sovereign Ratings Summary'!$B$10:$R$309,17,FALSE),"--") -> Baa2 | N8: =""
A9: Australia | B9: Australia | C9: =IFERROR(VLOOKUP($B9,'Sovereign Ratings Summary'!$B$10:$R$309,3,FALSE),"--") -> Aaa | D9: =IFERROR(VLOOKUP($B9,'Sovereign Ratings Summary'!$B$10:$R$309,5,FALSE),"--") -> STA | E9: =IFERROR(VLOOKUP($B9,'Sovereign Ratings Summary'!$B$10:$R$309,7,FALSE),"--") -> Aaa | F9: =IFERROR(VLOOKUP($B9,'Sovereign Ratings Summary'!$B$10:$R$309,9,FALSE),"--") -> STA | H9: =IFERROR(VLOOKUP($B9,'Sovereign Ratings Summary'!$B$10:$R$309,11,FALSE),"--") -> Aaa | I9: =IFERROR(VLOOKUP($B9,'Sovereign Ratings Summary'!$B$10:$R$309,13,FALSE),"--") -> Aaa | K9: =IFERROR(VLOOKUP($B9,'Sovereign Ratings Summary'!$B$10:$R$309,15,FALSE),"--") -> Aaa | L9: =IFERROR(VLOOKUP($B9,'Sovereign Ratings Summary'!$B$10:$R$309,17,FALSE),"--") -> Aaa | N9: =""
A10: Austria | B10: Austria | C10: =IFERROR(VLOOKUP($B10,'Sovereign Ratings Summary'!$B$10:$R$309,3,FALSE),"--") -> Aa1 | D10: =IFERROR(VLOOKUP($B10,'Sovereign Ratings Summary'!$B$10:$R$309,5,FALSE),"--") -> NEG | E10: =IFERROR(VLOOKUP($B10,'Sovereign Ratings Summary'!$B$10:$R$309,7,FALSE),"--") -> Aa1 | F10: =IFERROR(VLOOKUP($B10,'Sovereign Ratings Summary'!$B$10:$R$309,9,FALSE),"--") -> NEG | H10: =IFERROR(VLOOKUP($B10,'Sovereign Ratings Summary'!$B$10:$R$309,11,FALSE),"--") -> Aaa | I10: =IFERROR(VLOOKUP($B10,'Sovereign Ratings Summary'!$B$10:$R$309,13,FALSE),"--") -> Aaa | K10: =IFERROR(VLOOKUP($B10,'Sovereign Ratings Summary'!$B$10:$R$309,15,FALSE),"--") -> Aaa | L10: =IFERROR(VLOOKUP($B10,'Sovereign Ratings Summary'!$B$10:$R$309,17,FALSE),"--") -> Aaa | N10: =""
A11: Azerbaijan | B11: Azerbaijan | C11: =IFERROR(VLOOKUP($B11,'Sovereign Ratings Summary'!$B$10:$R$309,3,FALSE),"--") -> Baa3 | D11: =IFERROR(VLOOKUP($B11,'Sovereign Ratings Summary'!$B$10:$R$309,5,FALSE),"--") -> POS | E11: =IFERROR(VLOOKUP($B11,'Sovereign Ratings Summary'!$B$10:$R$309,7,FALSE),"--") -> Baa3 | F11: =IFERROR(VLOOKUP($B11,'Sovereign Ratings Summary'!$B$10:$R$309,9,FALSE),"--") -> POS | H11: =IFERROR(VLOOKUP($B11,'Sovereign Ratings Summary'!$B$10:$R$309,11,FALSE),"--") -> Baa3 | I11: =IFERROR(VLOOKUP($B11,'Sovereign Ratings Summary'!$B$10:$R$309,13,FALSE),"--") -> Ba2 | K11: =IFERROR(VLOOKUP($B11,'Sovereign Ratings Summary'!$B$10:$R$309,15,FALSE),"--") -> Baa1 | L11: =IFERROR(VLOOKUP($B11,'Sovereign Ratings Summary'!$B$10:$R$309,17,FALSE),"--") -> Baa3 | N11: =""
A12: Bahamas | B12: Bahamas | C12: =IFERROR(VLOOKUP($B12,'Sovereign Ratings Summary'!$B$10:$R$309,3,FALSE),"--") -> Ba3 | D12: =IFERROR(VLOOKUP($B12,'Sovereign Ratings Summary'!$B$10:$R$309,5,FALSE),"--") -> STA | E12: =IFERROR(VLOOKUP($B12,'Sovereign Ratings Summary'!$B$10:$R$309,7,FALSE),"--") -> Ba3 | F12: =IFERROR(VLOOKUP($B12,'Sovereign Ratings Summary'!$B$10:$R$309,9,FALSE),"--") -> STA | H12: =IFERROR(VLOOKUP($B12,'Sovereign Ratings Summary'!$B$10:$R$309,11,FALSE),"--") -> Baa3 | I12: =IFERROR(VLOOKUP($B12,'Sovereign Ratings Summary'!$B$10:$R$309,13,FALSE),"--") -> Baa2 | K12: =IFERROR(VLOOKUP($B12,'Sovereign Ratings Summary'!$B$10:$R$309,15,FALSE),"--") -> Baa2 | L12: =IFERROR(VLOOKUP($B12,'Sovereign Ratings Summary'!$B$10:$R$309,17,FALSE),"--") -> Baa1 | N12: =""
A13: Bahrain | B13: Bahrain | C13: =IFERROR(VLOOKUP($B13,'Sovereign Ratings Summary'!$B$10:$R$309,3,FALSE),"--") -> B2 | D13: =IFERROR(VLOOKUP($B13,'Sovereign Ratings Summary'!$B$10:$R$309,5,FALSE),"--") -> NEG | E13: =IFERROR(VLOOKUP($B13,'Sovereign Ratings Summary'!$B$10:$R$309,7,FALSE),"--") -> B2 | F13: =IFERROR(VLOOKUP($B13,'Sovereign Ratings Summary'!$B$10:$R$309,9,FALSE),"--") -> NEG | H13: =IFERROR(VLOOKUP($B13,'Sovereign Ratings Summary'!$B$10:$R$309,11,FALSE),"--") -> Ba3 | I13: =IFERROR(VLOOKUP($B13,'Sovereign Ratings Summary'!$B$10:$R$309,13,FALSE),"--") -> B1 | K13: =IFERROR(VLOOKUP($B13,'Sovereign Ratings Summary'!$B$10:$R$309,15,FALSE),"--") -> Ba2 | L13: =IFERROR(VLOOKUP($B13,'Sovereign Ratings Summary'!$B$10:$R$309,17,FALSE),"--") -> Ba3 | N13: =""
A14: Bangladesh | B14: Bangladesh | C14: =IFERROR(VLOOKUP($B14,'Sovereign Ratings Summary'!$B$10:$R$309,3,FALSE),"--") -> B2 | D14: =IFERROR(VLOOKUP($B14,'Sovereign Ratings Summary'!$B$10:$R$309,5,FALSE),"--") -> NEG | E14: =IFERROR(VLOOKUP($B14,'Sovereign Ratings Summary'!$B$10:$R$309,7,FALSE),"--") -> B2 | F14: =IFERROR(VLOOKUP($B14,'Sovereign Ratings Summary'!$B$10:$R$309,9,FALSE),"--") -> NEG | H14: =IFERROR(VLOOKUP($B14,'Sovereign Ratings Summary'!$B$10:$R$309,11,FALSE),"--") -> B2 | I14: =IFERROR(VLOOKUP($B14,'Sovereign Ratings Summary'!$B$10:$R$309,13,FALSE),"--") -> Ba2 | K14: =IFERROR(VLOOKUP($B14,'Sovereign Ratings Summary'!$B$10:$R$309,15,FALSE),"--") -> Ba3 | L14: =IFERROR(VLOOKUP($B14,'Sovereign Ratings Summary'!$B$10:$R$309,17,FALSE),"--") -> Baa3 | N14: =""
A15: Barbados | B15: Barbados | C15: =IFERROR(VLOOKUP($B15,'Sovereign Ratings Summary'!$B$10:$R$309,3,FALSE),"--") -> B2 | D15: =IFERROR(VLOOKUP($B15,'Sovereign Ratings Summary'!$B$10:$R$309,5,FALSE),"--") -> STA | E15: =IFERROR(VLOOKUP($B15,'Sovereign Ratings Summary'!$B$10:$R$309,7,FALSE),"--") -> B2 | F15: =IFERROR(VLOOKUP($B15,'Sovereign Ratings Summary'!$B$10:$R$309,9,FALSE),"--") -> STA | H15: =IFERROR(VLOOKUP($B15,'Sovereign Ratings Summary'!$B$10:$R$309,11,FALSE),"--") -> B1 | I15: =IFERROR(VLOOKUP($B15,'Sovereign Ratings Summary'!$B$10:$R$309,13,FALSE),"--") -> B3 | K15: =IFERROR(VLOOKUP($B15,'Sovereign Ratings Summary'!$B$10:$R$309,15,FALSE),"--") -> Ba2 | L15: =IFERROR(VLOOKUP($B15,'Sovereign Ratings Summary'!$B$10:$R$309,17,FALSE),"--") -> B1 | N15: =""
A16: Belarus | B16: Belarus | C16: =IFERROR(VLOOKUP($B16,'Sovereign Ratings Summary'!$B$10:$R$309,3,FALSE),"--") -> C | D16: =IFERROR(VLOOKUP($B16,'Sovereign Ratings Summary'!$B$10:$R$309,5,FALSE),"--") -> STA | E16: =IFERROR(VLOOKUP($B16,'Sovereign Ratings Summary'!$B$10:$R$309,7,FALSE),"--") -> C | F16: =IFERROR(VLOOKUP($B16,'Sovereign Ratings Summary'!$B$10:$R$309,9,FALSE),"--") -> STA | H16: =IFERROR(VLOOKUP($B16,'Sovereign Ratings Summary'!$B$10:$R$309,11,FALSE),"--") -> Ca | I16: =IFERROR(VLOOKUP($B16,'Sovereign Ratings Summary'!$B$10:$R$309,13,FALSE),"--") -> B3 | K16: =IFERROR(VLOOKUP($B16,'Sovereign Ratings Summary'!$B$10:$R$309,15,FALSE),"--") -> Caa3 | L16: =IFERROR(VLOOKUP($B16,'Sovereign Ratings Summary'!$B$10:$R$309,17,FALSE),"--") -> B2 | N16: =""
... A19: Bermuda | B19: Bermuda | C19: =IFERROR(VLOOKUP($B19,'Sovereign Ratings Summary'!$B$10:$R$309,3,FALSE),"--") -> A2 | D19: =IFERROR(VLOOKUP($B19,'Sovereign Ratings Summary'!$B$10:$R$309,5,FALSE),"--") -> STA | E19: =IFERROR(VLOOKUP($B19,'Sovereign Ratings Summary'!$B$10:$R$309,7,FALSE),"--") -> A2 | F19: =IFERROR(VLOOKUP($B19,'Sovereign Ratings Summary'!$B$10:$R$309,9,FALSE),"--") -> STA | H19: =IFERROR(VLOOKUP($B19,'Sovereign Ratings Summary'!$B$10:$R$309,11,FALSE),"--") -> Aaa | I19: =IFERROR(VLOOKUP($B19,'Sovereign Ratings Summary'!$B$10:$R$309,13,FALSE),"--") -> Aaa | K19: =IFERROR(VLOOKUP($B19,'Sovereign Ratings Summary'!$B$10:$R$309,15,FALSE),"--") -> Aaa | L19: =IFERROR(VLOOKUP($B19,'Sovereign Ratings Summary'!$B$10:$R$309,17,FALSE),"--") -> Aaa | N19: =""
A20: Bolivia | B20: Bolivia | C20: =IFERROR(VLOOKUP($B20,'Sovereign Ratings Summary'!$B$10:$R$309,3,FALSE),"--") -> Caa3 | D20: =IFERROR(VLOOKUP($B20,'Sovereign Ratings Summary'!$B$10:$R$309,5,FALSE),"--") -> POS | E20: =IFERROR(VLOOKUP($B20,'Sovereign Ratings Summary'!$B$10:$R$309,7,FALSE),"--") -> Caa3 | F20: =IFERROR(VLOOKUP($B20,'Sovereign Ratings Summary'!$B$10:$R$309,9,FALSE),"--") -> POS | H20: =IFERROR(VLOOKUP($B20,'Sovereign Ratings Summary'!$B$10:$R$309,11,FALSE),"--") -> Caa2 | I20: =IFERROR(VLOOKUP($B20,'Sovereign Ratings Summary'!$B$10:$R$309,13,FALSE),"--") -> B2 | K20: =IFERROR(VLOOKUP($B20,'Sovereign Ratings Summary'!$B$10:$R$309,15,FALSE),"--") -> Caa1 | L20: =IFERROR(VLOOKUP($B20,'Sovereign Ratings Summary'!$B$10:$R$309,17,FALSE),"--") -> Ba3
A21: Bosnia and Herzegovina | B21: Bosnia and Herzegovina | C21: =IFERROR(VLOOKUP($B21,'Sovereign Ratings Summary'!$B$10:$R$309,3,FALSE),"--") -> B3 | D21: =IFERROR(VLOOKUP($B21,'Sovereign Ratings Summary'!$B$10:$R$309,5,FALSE),"--") -> STA | E21: =IFERROR(VLOOKUP($B21,'Sovereign Ratings Summary'!$B$10:$R$309,7,FALSE),"--") -> B3 | F21: =IFERROR(VLOOKUP($B21,'Sovereign Ratings Summary'!$B$10:$R$309,9,FALSE),"--") -> STA | H21: =IFERROR(VLOOKUP($B21,'Sovereign Ratings Summary'!$B$10:$R$309,11,FALSE),"--") -> B3 | I21: =IFERROR(VLOOKUP($B21,'Sovereign Ratings Summary'!$B$10:$R$309,13,FALSE),"--") -> B3 | K21: =IFERROR(VLOOKUP($B21,'Sovereign Ratings Summary'!$B$10:$R$309,15,FALSE),"--") -> B1 | L21: =IFERROR(VLOOKUP($B21,'Sovereign Ratings Summary'!$B$10:$R$309,17,FALSE),"--") -> B1 | N21: =""
A22: Botswana | B22: Botswana | C22: =IFERROR(VLOOKUP($B22,'Sovereign Ratings Summary'!$B$10:$R$309,3,FALSE),"--") -> Baa1 | D22: =IFERROR(VLOOKUP($B22,'Sovereign Ratings Summary'!$B$10:$R$309,5,FALSE),"--") -> NEG | E22: =IFERROR(VLOOKUP($B22,'Sovereign Ratings Summary'!$B$10:$R$309,7,FALSE),"--") -> Baa1 | F22: =IFERROR(VLOOKUP($B22,'Sovereign Ratings Summary'!$B$10:$R$309,9,FALSE),"--") -> NEG | H22: =IFERROR(VLOOKUP($B22,'Sovereign Ratings Summary'!$B$10:$R$309,11,FALSE),"--") -> A2 | I22: =IFERROR(VLOOKUP($B22,'Sovereign Ratings Summary'!$B$10:$R$309,13,FALSE),"--") -> Aa3 | K22: =IFERROR(VLOOKUP($B22,'Sovereign Ratings Summary'!$B$10:$R$309,15,FALSE),"--") -> A1 | L22: =IFERROR(VLOOKUP($B22,'Sovereign Ratings Summary'!$B$10:$R$309,17,FALSE),"--") -> Aa2 | N22: =""
A23: Brazil | B23: Brazil | C23: =IFERROR(VLOOKUP($B23,'Sovereign Ratings Summary'!$B$10:$R$309,3,FALSE),"--") -> Ba1 | D23: =IFERROR(VLOOKUP($B23,'Sovereign Ratings Summary'!$B$10:$R$309,5,FALSE),"--") -> STA | E23: =IFERROR(VLOOKUP($B23,'Sovereign Ratings Summary'!$B$10:$R$309,7,FALSE),"--") -> Ba1 | F23: =IFERROR(VLOOKUP($B23,'Sovereign Ratings Summary'!$B$10:$R$309,9,FALSE),"--") -> STA | H23: =IFERROR(VLOOKUP($B23,'Sovereign Ratings Summary'!$B$10:$R$309,11,FALSE),"--") -> Baa1 | I23: =IFERROR(VLOOKUP($B23,'Sovereign Ratings Summary'!$B$10:$R$309,13,FALSE),"--") -> Baa2 | K23: =IFERROR(VLOOKUP($B23,'Sovereign Ratings Summary'!$B$10:$R$309,15,FALSE),"--") -> A3 | L23: =IFERROR(VLOOKUP($B23,'Sovereign Ratings Summary'!$B$10:$R$309,17,FALSE),"--") -> Baa1 | N23: =""
A24: Bulgaria | B24: Bulgaria | C24: =IFERROR(VLOOKUP($B24,'Sovereign Ratings Summary'!$B$10:$R$309,3,FALSE),"--") -> Baa1 | D24: =IFERROR(VLOOKUP($B24,'Sovereign Ratings Summary'!$B$10:$R$309,5,FALSE),"--") -> STA | E24: =IFERROR(VLOOKUP($B24,'Sovereign Ratings Summary'!$B$10:$R$309,7,FALSE),"--") -> Baa1 | F24: =IFERROR(VLOOKUP($B24,'Sovereign Ratings Summary'!$B$10:$R$309,9,FALSE),"--") -> STA | H24: =IFERROR(VLOOKUP($B24,'Sovereign Ratings Summary'!$B$10:$R$309,11,FALSE),"--") -> Aa1 | I24: =IFERROR(VLOOKUP($B24,'Sovereign Ratings Summary'!$B$10:$R$309,13,FALSE),"--") -> Aa2 | K24: =IFERROR(VLOOKUP($B24,'Sovereign Ratings Summary'!$B$10:$R$309,15,FALSE),"--") -> Aa1 | L24: =IFERROR(VLOOKUP($B24,'Sovereign Ratings Summary'!$B$10:$R$309,17,FALSE),"--") -> Aa2 | N24: =""
A25: Cambodia | B25: Cambodia | C25: =IFERROR(VLOOKUP($B25,'Sovereign Ratings Summary'!$B$10:$R$309,3,FALSE),"--") -> B2 | D25: =IFERROR(VLOOKUP($B25,'Sovereign Ratings Summary'!$B$10:$R$309,5,FALSE),"--") -> STA | E25: =IFERROR(VLOOKUP($B25,'Sovereign Ratings Summary'!$B$10:$R$309,7,FALSE),"--") -> B2 | F25: =IFERROR(VLOOKUP($B25,'Sovereign Ratings Summary'!$B$10:$R$309,9,FALSE),"--") -> STA | H25: =IFERROR(VLOOKUP($B25,'Sovereign Ratings Summary'!$B$10:$R$309,11,FALSE),"--") -> B1 | I25: =IFERROR(VLOOKUP($B25,'Sovereign Ratings Summary'!$B$10:$R$309,13,FALSE),"--") -> B1 | K25: =IFERROR(VLOOKUP($B25,'Sovereign Ratings Summary'!$B$10:$R$309,15,FALSE),"--") -> Ba3 | L25: =IFERROR(VLOOKUP($B25,'Sovereign Ratings Summary'!$B$10:$R$309,17,FALSE),"--") -> Ba3 | N25: =""
A26: Canada | B26: Canada | C26: =IFERROR(VLOOKUP($B26,'Sovereign Ratings Summary'!$B$10:$R$309,3,FALSE),"--") -> Aaa | D26: =IFERROR(VLOOKUP($B26,'Sovereign Ratings Summary'!$B$10:$R$309,5,FALSE),"--") -> STA | E26: =IFERROR(VLOOKUP($B26,'Sovereign Ratings Summary'!$B$10:$R$309,7,FALSE),"--") -> Aaa | F26: =IFERROR(VLOOKUP($B26,'Sovereign Ratings Summary'!$B$10:$R$309,9,FALSE),"--") -> STA | H26: =IFERROR(VLOOKUP($B26,'Sovereign Ratings Summary'!$B$10:$R$309,11,FALSE),"--") -> Aaa | I26: =IFERROR(VLOOKUP($B26,'Sovereign Ratings Summary'!$B$10:$R$309,13,FALSE),"--") -> Aaa | K26: =IFERROR(VLOOKUP($B26,'Sovereign Ratings Summary'!$B$10:$R$309,15,FALSE),"--") -> Aaa | L26: =IFERROR(VLOOKUP($B26,'Sovereign Ratings Summary'!$B$10:$R$309,17,FALSE),"--") -> Aaa | N26: =""
A27: Cayman Islands | B27: Cayman Islands | C27: =IFERROR(VLOOKUP($B27,'Sovereign Ratings Summary'!$B$10:$R$309,3,FALSE),"--") -> Aa3 | D27: =IFERROR(VLOOKUP($B27,'Sovereign Ratings Summary'!$B$10:$R$309,5,FALSE),"--") -> STA | E27: =IFERROR(VLOOKUP($B27,'Sovereign Ratings Summary'!$B$10:$R$309,7,FALSE),"--") -> Aa3 | F27: =IFERROR(VLOOKUP($B27,'Sovereign Ratings Summary'!$B$10:$R$309,9,FALSE),"--") -> STA | H27: =IFERROR(VLOOKUP($B27,'Sovereign Ratings Summary'!$B$10:$R$309,11,FALSE),"--") -> Aaa | I27: =IFERROR(VLOOKUP($B27,'Sovereign Ratings Summary'!$B$10:$R$309,13,FALSE),"--") -> Aaa | K27: =IFERROR(VLOOKUP($B27,'Sovereign Ratings Summary'!$B$10:$R$309,15,FALSE),"--") -> Aaa | L27: =IFERROR(VLOOKUP($B27,'Sovereign Ratings Summary'!$B$10:$R$309,17,FALSE),"--") -> Aaa | N27: =""
A28: Chile | B28: Chile | C28: =IFERROR(VLOOKUP($B28,'Sovereign Ratings Summary'!$B$10:$R$309,3,FALSE),"--") -> A2 | D28: =IFERROR(VLOOKUP($B28,'Sovereign Ratings Summary'!$B$10:$R$309,5,FALSE),"--") -> STA | E28: =IFERROR(VLOOKUP($B28,'Sovereign Ratings Summary'!$B$10:$R$309,7,FALSE),"--") -> A2 | F28: =IFERROR(VLOOKUP($B28,'Sovereign Ratings Summary'!$B$10:$R$309,9,FALSE),"--") -> STA | H28: =IFERROR(VLOOKUP($B28,'Sovereign Ratings Summary'!$B$10:$R$309,11,FALSE),"--") -> Aaa | I28: =IFERROR(VLOOKUP($B28,'Sovereign Ratings Summary'!$B$10:$R$309,13,FALSE),"--") -> Aaa | K28: =IFERROR(VLOOKUP($B28,'Sovereign Ratings Summary'!$B$10:$R$309,15,FALSE),"--") -> Aaa | L28: =IFERROR(VLOOKUP($B28,'Sovereign Ratings Summary'!$B$10:$R$309,17,FALSE),"--") -> Aaa | N28: =""
A29: China | B29: China | C29: =IFERROR(VLOOKUP($B29,'Sovereign Ratings Summary'!$B$10:$R$309,3,FALSE),"--") -> A1 | D29: =IFERROR(VLOOKUP($B29,'Sovereign Ratings Summary'!$B$10:$R$309,5,FALSE),"--") -> STA | E29: =IFERROR(VLOOKUP($B29,'Sovereign Ratings Summary'!$B$10:$R$309,7,FALSE),"--") -> A1 | F29: =IFERROR(VLOOKUP($B29,'Sovereign Ratings Summary'!$B$10:$R$309,9,FALSE),"--") -> STA | H29: =IFERROR(VLOOKUP($B29,'Sovereign Ratings Summary'!$B$10:$R$309,11,FALSE),"--") -> Aa1 | I29: =IFERROR(VLOOKUP($B29,'Sovereign Ratings Summary'!$B$10:$R$309,13,FALSE),"--") -> Aa1 | K29: =IFERROR(VLOOKUP($B29,'Sovereign Ratings Summary'!$B$10:$R$309,15,FALSE),"--") -> Aaa | L29: =IFERROR(VLOOKUP($B29,'Sovereign Ratings Summary'!$B$10:$R$309,17,FALSE),"--") -> Aaa | N29: =""
A30: Colombia | B30: Colombia | C30: =IFERROR(VLOOKUP($B30,'Sovereign Ratings Summary'!$B$10:$R$309,3,FALSE),"--") -> Baa3 | D30: =IFERROR(VLOOKUP($B30,'Sovereign Ratings Summary'!$B$10:$R$309,5,FALSE),"--") -> STA | E30: =IFERROR(VLOOKUP($B30,'Sovereign Ratings Summary'!$B$10:$R$309,7,FALSE),"--") -> Baa3 | F30: =IFERROR(VLOOKUP($B30,'Sovereign Ratings Summary'!$B$10:$R$309,9,FALSE),"--") -> STA | H30: =IFERROR(VLOOKUP($B30,'Sovereign Ratings Summary'!$B$10:$R$309,11,FALSE),"--") -> A2 | I30: =IFERROR(VLOOKUP($B30,'Sovereign Ratings Summary'!$B$10:$R$309,13,FALSE),"--") -> A1 | K30: =IFERROR(VLOOKUP($B30,'Sovereign Ratings Summary'!$B$10:$R$309,15,FALSE),"--") -> A2 | L30: =IFERROR(VLOOKUP($B30,'Sovereign Ratings Summary'!$B$10:$R$309,17,FALSE),"--") -> A1 | N30: =""
A31: Costa Rica | B31: Costa Rica | C31: =IFERROR(VLOOKUP($B31,'Sovereign Ratings Summary'!$B$10:$R$309,3,FALSE),"--") -> Ba2 | D31: =IFERROR(VLOOKUP($B31,'Sovereign Ratings Summary'!$B$10:$R$309,5,FALSE),"--") -> STA | E31: =IFERROR(VLOOKUP($B31,'Sovereign Ratings Summary'!$B$10:$R$309,7,FALSE),"--") -> Ba2 | F31: =IFERROR(VLOOKUP($B31,'Sovereign Ratings Summary'!$B$10:$R$309,9,FALSE),"--") -> STA | H31: =IFERROR(VLOOKUP($B31,'Sovereign Ratings Summary'!$B$10:$R$309,11,FALSE),"--") -> Baa3 | I31: =IFERROR(VLOOKUP($B31,'Sovereign Ratings Summary'!$B$10:$R$309,13,FALSE),"--") -> Ba3 | K31: =IFERROR(VLOOKUP($B31,'Sovereign Ratings Summary'!$B$10:$R$309,15,FALSE),"--") -> Baa1 | L31: =IFERROR(VLOOKUP($B31,'Sovereign Ratings Summary'!$B$10:$R$309,17,FALSE),"--") -> Ba1 | N31: =""
A32: Croatia | B32: Croatia | C32: =IFERROR(VLOOKUP($B32,'Sovereign Ratings Summary'!$B$10:$R$309,3,FALSE),"--") -> A3 | D32: =IFERROR(VLOOKUP($B32,'Sovereign Ratings Summary'!$B$10:$R$309,5,FALSE),"--") -> STA | E32: =IFERROR(VLOOKUP($B32,'Sovereign Ratings Summary'!$B$10:$R$309,7,FALSE),"--") -> A3 | F32: =IFERROR(VLOOKUP($B32,'Sovereign Ratings Summary'!$B$10:$R$309,9,FALSE),"--") -> STA | H32: =IFERROR(VLOOKUP($B32,'Sovereign Ratings Summary'!$B$10:$R$309,11,FALSE),"--") -> Aaa | I32: =IFERROR(VLOOKUP($B32,'Sovereign Ratings Summary'!$B$10:$R$309,13,FALSE),"--") -> A2 | K32: =IFERROR(VLOOKUP($B32,'Sovereign Ratings Summary'!$B$10:$R$309,15,FALSE),"--") -> Aaa | L32: =IFERROR(VLOOKUP($B32,'Sovereign Ratings Summary'!$B$10:$R$309,17,FALSE),"--") -> A2 | N32: =""
... A71: Malaysia | B71: Malaysia | C71: =IFERROR(VLOOKUP($B71,'Sovereign Ratings Summary'!$B$10:$R$309,3,FALSE),"--") -> A3 | D71: =IFERROR(VLOOKUP($B71,'Sovereign Ratings Summary'!$B$10:$R$309,5,FALSE),"--") -> STA | E71: =IFERROR(VLOOKUP($B71,'Sovereign Ratings Summary'!$B$10:$R$309,7,FALSE),"--") -> A3 | F71: =IFERROR(VLOOKUP($B71,'Sovereign Ratings Summary'!$B$10:$R$309,9,FALSE),"--") -> STA | H71: =IFERROR(VLOOKUP($B71,'Sovereign Ratings Summary'!$B$10:$R$309,11,FALSE),"--") -> Aa2 | I71: =IFERROR(VLOOKUP($B71,'Sovereign Ratings Summary'!$B$10:$R$309,13,FALSE),"--") -> Aa2 | K71: =IFERROR(VLOOKUP($B71,'Sovereign Ratings Summary'!$B$10:$R$309,15,FALSE),"--") -> Aa1 | L71: =IFERROR(VLOOKUP($B71,'Sovereign Ratings Summary'!$B$10:$R$309,17,FALSE),"--") -> Aa1 | N71: =""
A72: Malta | B72: Malta | C72: =IFERROR(VLOOKUP($B72,'Sovereign Ratings Summary'!$B$10:$R$309,3,FALSE),"--") -> A2 | D72: =IFERROR(VLOOKUP($B72,'Sovereign Ratings Summary'!$B$10:$R$309,5,FALSE),"--") -> STA | E72: =IFERROR(VLOOKUP($B72,'Sovereign Ratings Summary'!$B$10:$R$309,7,FALSE),"--") -> A2 | F72: =IFERROR(VLOOKUP($B72,'Sovereign Ratings Summary'!$B$10:$R$309,9,FALSE),"--") -> STA | H72: =IFERROR(VLOOKUP($B72,'Sovereign Ratings Summary'!$B$10:$R$309,11,FALSE),"--") -> Aaa | I72: =IFERROR(VLOOKUP($B72,'Sovereign Ratings Summary'!$B$10:$R$309,13,FALSE),"--") -> Aaa | K72: =IFERROR(VLOOKUP($B72,'Sovereign Ratings Summary'!$B$10:$R$309,15,FALSE),"--") -> Aaa | L72: =IFERROR(VLOOKUP($B72,'Sovereign Ratings Summary'!$B$10:$R$309,17,FALSE),"--") -> Aaa
A73: Mauritius | B73: Mauritius | C73: =IFERROR(VLOOKUP($B73,'Sovereign Ratings Summary'!$B$10:$R$309,3,FALSE),"--") -> Baa3 | D73: =IFERROR(VLOOKUP($B73,'Sovereign Ratings Summary'!$B$10:$R$309,5,FALSE),"--") -> NEG | E73: =IFERROR(VLOOKUP($B73,'Sovereign Ratings Summary'!$B$10:$R$309,7,FALSE),"--") -> Baa3 | F73: =IFERROR(VLOOKUP($B73,'Sovereign Ratings Summary'!$B$10:$R$309,9,FALSE),"--") -> NEG | H73: =IFERROR(VLOOKUP($B73,'Sovereign Ratings Summary'!$B$10:$R$309,11,FALSE),"--") -> A2 | I73: =IFERROR(VLOOKUP($B73,'Sovereign Ratings Summary'!$B$10:$R$309,13,FALSE),"--") -> Aa3 | K73: =IFERROR(VLOOKUP($B73,'Sovereign Ratings Summary'!$B$10:$R$309,15,FALSE),"--") -> A2 | L73: =IFERROR(VLOOKUP($B73,'Sovereign Ratings Summary'!$B$10:$R$309,17,FALSE),"--") -> Aa3 | N73: =""
A74: Mexico | B74: Mexico | C74: =IFERROR(VLOOKUP($B74,'Sovereign Ratings Summary'!$B$10:$R$309,3,FALSE),"--") -> Baa2 | D74: =IFERROR(VLOOKUP($B74,'Sovereign Ratings Summary'!$B$10:$R$309,5,FALSE),"--") -> NEG | E74: =IFERROR(VLOOKUP($B74,'Sovereign Ratings Summary'!$B$10:$R$309,7,FALSE),"--") -> Baa2 | F74: =IFERROR(VLOOKUP($B74,'Sovereign Ratings Summary'!$B$10:$R$309,9,FALSE),"--") -> NEG | H74: =IFERROR(VLOOKUP($B74,'Sovereign Ratings Summary'!$B$10:$R$309,11,FALSE),"--") -> A1 | I74: =IFERROR(VLOOKUP($B74,'Sovereign Ratings Summary'!$B$10:$R$309,13,FALSE),"--") -> Aa3 | K74: =IFERROR(VLOOKUP($B74,'Sovereign Ratings Summary'!$B$10:$R$309,15,FALSE),"--") -> A1 | L74: =IFERROR(VLOOKUP($B74,'Sovereign Ratings Summary'!$B$10:$R$309,17,FALSE),"--") -> Aa3 | N74: =""
A75: Moldova | B75: Moldova | C75: =IFERROR(VLOOKUP($B75,'Sovereign Ratings Summary'!$B$10:$R$309,3,FALSE),"--") -> B2 | D75: =IFERROR(VLOOKUP($B75,'Sovereign Ratings Summary'!$B$10:$R$309,5,FALSE),"--") -> STA | E75: =IFERROR(VLOOKUP($B75,'Sovereign Ratings Summary'!$B$10:$R$309,7,FALSE),"--") -> B2 | F75: =IFERROR(VLOOKUP($B75,'Sovereign Ratings Summary'!$B$10:$R$309,9,FALSE),"--") -> STA | H75: =IFERROR(VLOOKUP($B75,'Sovereign Ratings Summary'!$B$10:$R$309,11,FALSE),"--") -> B1 | I75: =IFERROR(VLOOKUP($B75,'Sovereign Ratings Summary'!$B$10:$R$309,13,FALSE),"--") -> B2 | K75: =IFERROR(VLOOKUP($B75,'Sovereign Ratings Summary'!$B$10:$R$309,15,FALSE),"--") -> Ba2 | L75: =IFERROR(VLOOKUP($B75,'Sovereign Ratings Summary'!$B$10:$R$309,17,FALSE),"--") -> Ba3 | N75: =""
A76: Mongolia | B76: Mongolia | C76: =IFERROR(VLOOKUP($B76,'Sovereign Ratings Summary'!$B$10:$R$309,3,FALSE),"--") -> B1 | D76: =IFERROR(VLOOKUP($B76,'Sovereign Ratings Summary'!$B$10:$R$309,5,FALSE),"--") -> STA | E76: =IFERROR(VLOOKUP($B76,'Sovereign Ratings Summary'!$B$10:$R$309,7,FALSE),"--") -> B1 | F76: =IFERROR(VLOOKUP($B76,'Sovereign Ratings Summary'!$B$10:$R$309,9,FALSE),"--") -> STA | H76: =IFERROR(VLOOKUP($B76,'Sovereign Ratings Summary'!$B$10:$R$309,11,FALSE),"--") -> B1 | I76: =IFERROR(VLOOKUP($B76,'Sovereign Ratings Summary'!$B$10:$R$309,13,FALSE),"--") -> B3 | K76: =IFERROR(VLOOKUP($B76,'Sovereign Ratings Summary'!$B$10:$R$309,15,FALSE),"--") -> Ba2 | L76: =IFERROR(VLOOKUP($B76,'Sovereign Ratings Summary'!$B$10:$R$309,17,FALSE),"--") -> B1 | N76: =""
A77: Montenegro | B77: Montenegro | C77: =IFERROR(VLOOKUP($B77,'Sovereign Ratings Summary'!$B$10:$R$309,3,FALSE),"--") -> Ba3 | D77: =IFERROR(VLOOKUP($B77,'Sovereign Ratings Summary'!$B$10:$R$309,5,FALSE),"--") -> POS | E77: =IFERROR(VLOOKUP($B77,'Sovereign Ratings Summary'!$B$10:$R$309,7,FALSE),"--") -> - | F77: =IFERROR(VLOOKUP($B77,'Sovereign Ratings Summary'!$B$10:$R$309,9,FALSE),"--") -> - | H77: =IFERROR(VLOOKUP($B77,'Sovereign Ratings Summary'!$B$10:$R$309,11,FALSE),"--") -> Baa2 | I77: =IFERROR(VLOOKUP($B77,'Sovereign Ratings Summary'!$B$10:$R$309,13,FALSE),"--") -> Baa3 | K77: =IFERROR(VLOOKUP($B77,'Sovereign Ratings Summary'!$B$10:$R$309,15,FALSE),"--") -> - | L77: =IFERROR(VLOOKUP($B77,'Sovereign Ratings Summary'!$B$10:$R$309,17,FALSE),"--") -> - | N77: =""
A78: Morocco | B78: Morocco | C78: =IFERROR(VLOOKUP($B78,'Sovereign Ratings Summary'!$B$10:$R$309,3,FALSE),"--") -> Ba1 | D78: =IFERROR(VLOOKUP($B78,'Sovereign Ratings Summary'!$B$10:$R$309,5,FALSE),"--") -> POS | E78: =IFERROR(VLOOKUP($B78,'Sovereign Ratings Summary'!$B$10:$R$309,7,FALSE),"--") -> Ba1 | F78: =IFERROR(VLOOKUP($B78,'Sovereign Ratings Summary'!$B$10:$R$309,9,FALSE),"--") -> POS | H78: =IFERROR(VLOOKUP($B78,'Sovereign Ratings Summary'!$B$10:$R$309,11,FALSE),"--") -> Baa2 | I78: =IFERROR(VLOOKUP($B78,'Sovereign Ratings Summary'!$B$10:$R$309,13,FALSE),"--") -> Baa2 | K78: =IFERROR(VLOOKUP($B78,'Sovereign Ratings Summary'!$B$10:$R$309,15,FALSE),"--") -> Baa1 | L78: =IFERROR(VLOOKUP($B78,'Sovereign Ratings Summary'!$B$10:$R$309,17,FALSE),"--") -> Baa1 | N78: =""
A79: Namibia | B79: Namibia | C79: =IFERROR(VLOOKUP($B79,'Sovereign Ratings Summary'!$B$10:$R$309,3,FALSE),"--") -> B1 | D79: =IFERROR(VLOOKUP($B79,'Sovereign Ratings Summary'!$B$10:$R$309,5,FALSE),"--") -> POS | E79: =IFERROR(VLOOKUP($B79,'Sovereign Ratings Summary'!$B$10:$R$309,7,FALSE),"--") -> B1 | F79: =IFERROR(VLOOKUP($B79,'Sovereign Ratings Summary'!$B$10:$R$309,9,FALSE),"--") -> POS | H79: =IFERROR(VLOOKUP($B79,'Sovereign Ratings Summary'!$B$10:$R$309,11,FALSE),"--") -> Ba1 | I79: =IFERROR(VLOOKUP($B79,'Sovereign Ratings Summary'!$B$10:$R$309,13,FALSE),"--") -> Ba1 | K79: =IFERROR(VLOOKUP($B79,'Sovereign Ratings Summary'!$B$10:$R$309,15,FALSE),"--") -> Baa3 | L79: =IFERROR(VLOOKUP($B79,'Sovereign Ratings Summary'!$B$10:$R$309,17,FALSE),"--") -> Baa2 | N79: =""
A80: Netherlands | B80: Netherlands | C80: =IFERROR(VLOOKUP($B80,'Sovereign Ratings Summary'!$B$10:$R$309,3,FALSE),"--") -> Aaa | D80: =IFERROR(VLOOKUP($B80,'Sovereign Ratings Summary'!$B$10:$R$309,5,FALSE),"--") -> STA | E80: =IFERROR(VLOOKUP($B80,'Sovereign Ratings Summary'!$B$10:$R$309,7,FALSE),"--") -> Aaa | F80: =IFERROR(VLOOKUP($B80,'Sovereign Ratings Summary'!$B$10:$R$309,9,FALSE),"--") -> STA | H80: =IFERROR(VLOOKUP($B80,'Sovereign Ratings Summary'!$B$10:$R$309,11,FALSE),"--") -> Aaa | I80: =IFERROR(VLOOKUP($B80,'Sovereign Ratings Summary'!$B$10:$R$309,13,FALSE),"--") -> Aaa | K80: =IFERROR(VLOOKUP($B80,'Sovereign Ratings Summary'!$B$10:$R$309,15,FALSE),"--") -> Aaa | L80: =IFERROR(VLOOKUP($B80,'Sovereign Ratings Summary'!$B$10:$R$309,17,FALSE),"--") -> Aaa | N80: =""
A81: New Zealand | B81: New Zealand | C81: =IFERROR(VLOOKUP($B81,'Sovereign Ratings Summary'!$B$10:$R$309,3,FALSE),"--") -> Aaa | D81: =IFERROR(VLOOKUP($B81,'Sovereign Ratings Summary'!$B$10:$R$309,5,FALSE),"--") -> NEG | E81: =IFERROR(VLOOKUP($B81,'Sovereign Ratings Summary'!$B$10:$R$309,7,FALSE),"--") -> Aaa | F81: =IFERROR(VLOOKUP($B81,'Sovereign Ratings Summary'!$B$10:$R$309,9,FALSE),"--") -> NEG | H81: =IFERROR(VLOOKUP($B81,'Sovereign Ratings Summary'!$B$10:$R$309,11,FALSE),"--") -> Aaa | I81: =IFERROR(VLOOKUP($B81,'Sovereign Ratings Summary'!$B$10:$R$309,13,FALSE),"--") -> Aaa | K81: =IFERROR(VLOOKUP($B81,'Sovereign Ratings Summary'!$B$10:$R$309,15,FALSE),"--") -> Aaa | L81: =IFERROR(VLOOKUP($B81,'Sovereign Ratings Summary'!$B$10:$R$309,17,FALSE),"--") -> Aaa | N81: =""
A82: Nicaragua | B82: Nicaragua | C82: =IFERROR(VLOOKUP($B82,'Sovereign Ratings Summary'!$B$10:$R$309,3,FALSE),"--") -> B2 | D82: =IFERROR(VLOOKUP($B82,'Sovereign Ratings Summary'!$B$10:$R$309,5,FALSE),"--") -> STA | E82: =IFERROR(VLOOKUP($B82,'Sovereign Ratings Summary'!$B$10:$R$309,7,FALSE),"--") -> B2 | F82: =IFERROR(VLOOKUP($B82,'Sovereign Ratings Summary'!$B$10:$R$309,9,FALSE),"--") -> STA | H82: =IFERROR(VLOOKUP($B82,'Sovereign Ratings Summary'!$B$10:$R$309,11,FALSE),"--") -> B1 | I82: =IFERROR(VLOOKUP($B82,'Sovereign Ratings Summary'!$B$10:$R$309,13,FALSE),"--") -> B2 | K82: =IFERROR(VLOOKUP($B82,'Sovereign Ratings Summary'!$B$10:$R$309,15,FALSE),"--") -> Ba3 | L82: =IFERROR(VLOOKUP($B82,'Sovereign Ratings Summary'!$B$10:$R$309,17,FALSE),"--") -> B1 | N82: =""
A83: Nigeria | B83: Nigeria | C83: =IFERROR(VLOOKUP($B83,'Sovereign Ratings Summary'!$B$10:$R$309,3,FALSE),"--") -> B3 | D83: =IFERROR(VLOOKUP($B83,'Sovereign Ratings Summary'!$B$10:$R$309,5,FALSE),"--") -> STA | E83: =IFERROR(VLOOKUP($B83,'Sovereign Ratings Summary'!$B$10:$R$309,7,FALSE),"--") -> B3 | F83: =IFERROR(VLOOKUP($B83,'Sovereign Ratings Summary'!$B$10:$R$309,9,FALSE),"--") -> STA | H83: =IFERROR(VLOOKUP($B83,'Sovereign Ratings Summary'!$B$10:$R$309,11,FALSE),"--") -> B2 | I83: =IFERROR(VLOOKUP($B83,'Sovereign Ratings Summary'!$B$10:$R$309,13,FALSE),"--") -> B2 | K83: =IFERROR(VLOOKUP($B83,'Sovereign Ratings Summary'!$B$10:$R$309,15,FALSE),"--") -> Ba3 | L83: =IFERROR(VLOOKUP($B83,'Sovereign Ratings Summary'!$B$10:$R$309,17,FALSE),"--") -> Ba3 | N83: =""
A84: Norway | B84: Norway | C84: =IFERROR(VLOOKUP($B84,'Sovereign Ratings Summary'!$B$10:$R$309,3,FALSE),"--") -> Aaa | D84: =IFERROR(VLOOKUP($B84,'Sovereign Ratings Summary'!$B$10:$R$309,5,FALSE),"--") -> STA | E84: =IFERROR(VLOOKUP($B84,'Sovereign Ratings Summary'!$B$10:$R$309,7,FALSE),"--") -> Aaa | F84: =IFERROR(VLOOKUP($B84,'Sovereign Ratings Summary'!$B$10:$R$309,9,FALSE),"--") -> STA | H84: =IFERROR(VLOOKUP($B84,'Sovereign Ratings Summary'!$B$10:$R$309,11,FALSE),"--") -> Aaa | I84: =IFERROR(VLOOKUP($B84,'Sovereign Ratings Summary'!$B$10:$R$309,13,FALSE),"--") -> Aaa | K84: =IFERROR(VLOOKUP($B84,'Sovereign Ratings Summary'!$B$10:$R$309,15,FALSE),"--") -> Aaa | L84: =IFERROR(VLOOKUP($B84,'Sovereign Ratings Summary'!$B$10:$R$309,17,FALSE),"--") -> Aaa | N84: =""
A85: Oman | B85: Oman | C85: =IFERROR(VLOOKUP($B85,'Sovereign Ratings Summary'!$B$10:$R$309,3,FALSE),"--") -> Baa3 | D85: =IFERROR(VLOOKUP($B85,'Sovereign Ratings Summary'!$B$10:$R$309,5,FALSE),"--") -> STA | E85: =IFERROR(VLOOKUP($B85,'Sovereign Ratings Summary'!$B$10:$R$309,7,FALSE),"--") -> Baa3 | F85: =IFERROR(VLOOKUP($B85,'Sovereign Ratings Summary'!$B$10:$R$309,9,FALSE),"--") -> STA | H85: =IFERROR(VLOOKUP($B85,'Sovereign Ratings Summary'!$B$10:$R$309,11,FALSE),"--") -> Baa1 | I85: =IFERROR(VLOOKUP($B85,'Sovereign Ratings Summary'!$B$10:$R$309,13,FALSE),"--") -> Ba2 | K85: =IFERROR(VLOOKUP($B85,'Sovereign Ratings Summary'!$B$10:$R$309,15,FALSE),"--") -> A3 | L85: =IFERROR(VLOOKUP($B85,'Sovereign Ratings Summary'!$B$10:$R$309,17,FALSE),"--") -> Ba1 | N85: =""
A86: Pakistan | B86: Pakistan | C86: =IFERROR(VLOOKUP($B86,'Sovereign Ratings Summary'!$B$10:$R$309,3,FALSE),"--") -> Caa1 | D86: =IFERROR(VLOOKUP($B86,'Sovereign Ratings Summary'!$B$10:$R$309,5,FALSE),"--") -> STA | E86: =IFERROR(VLOOKUP($B86,'Sovereign Ratings Summary'!$B$10:$R$309,7,FALSE),"--") -> Caa1 | F86: =IFERROR(VLOOKUP($B86,'Sovereign Ratings Summary'!$B$10:$R$309,9,FALSE),"--") -> STA | H86: =IFERROR(VLOOKUP($B86,'Sovereign Ratings Summary'!$B$10:$R$309,11,FALSE),"--") -> Caa1 | I86: =IFERROR(VLOOKUP($B86,'Sovereign Ratings Summary'!$B$10:$R$309,13,FALSE),"--") -> B2 | K86: =IFERROR(VLOOKUP($B86,'Sovereign Ratings Summary'!$B$10:$R$309,15,FALSE),"--") -> B2 | L86: =IFERROR(VLOOKUP($B86,'Sovereign Ratings Summary'!$B$10:$R$309,17,FALSE),"--") -> Ba3
A87: Panama | B87: Panama | C87: =IFERROR(VLOOKUP($B87,'Sovereign Ratings Summary'!$B$10:$R$309,3,FALSE),"--") -> Baa3 | D87: =IFERROR(VLOOKUP($B87,'Sovereign Ratings Summary'!$B$10:$R$309,5,FALSE),"--") -> NEG | E87: =IFERROR(VLOOKUP($B87,'Sovereign Ratings Summary'!$B$10:$R$309,7,FALSE),"--") -> - | F87: =IFERROR(VLOOKUP($B87,'Sovereign Ratings Summary'!$B$10:$R$309,9,FALSE),"--") -> - | H87: =IFERROR(VLOOKUP($B87,'Sovereign Ratings Summary'!$B$10:$R$309,11,FALSE),"--") -> A2 | I87: =IFERROR(VLOOKUP($B87,'Sovereign Ratings Summary'!$B$10:$R$309,13,FALSE),"--") -> Aa3 | K87: =IFERROR(VLOOKUP($B87,'Sovereign Ratings Summary'!$B$10:$R$309,15,FALSE),"--") -> - | L87: =IFERROR(VLOOKUP($B87,'Sovereign Ratings Summary'!$B$10:$R$309,17,FALSE),"--") -> - | N87: =""
A88: Papua New Guinea | B88: Papua New Guinea | C88: =IFERROR(VLOOKUP($B88,'Sovereign Ratings Summary'!$B$10:$R$309,3,FALSE),"--") -> B2 | D88: =IFERROR(VLOOKUP($B88,'Sovereign Ratings Summary'!$B$10:$R$309,5,FALSE),"--") -> STA | E88: =IFERROR(VLOOKUP($B88,'Sovereign Ratings Summary'!$B$10:$R$309,7,FALSE),"--") -> B2 | F88: =IFERROR(VLOOKUP($B88,'Sovereign Ratings Summary'!$B$10:$R$309,9,FALSE),"--") -> STA | H88: =IFERROR(VLOOKUP($B88,'Sovereign Ratings Summary'!$B$10:$R$309,11,FALSE),"--") -> B1 | I88: =IFERROR(VLOOKUP($B88,'Sovereign Ratings Summary'!$B$10:$R$309,13,FALSE),"--") -> B1 | K88: =IFERROR(VLOOKUP($B88,'Sovereign Ratings Summary'!$B$10:$R$309,15,FALSE),"--") -> Ba2 | L88: =IFERROR(VLOOKUP($B88,'Sovereign Ratings Summary'!$B$10:$R$309,17,FALSE),"--") -> Ba2 | N88: =""
A89: Paraguay | B89: Paraguay | C89: =IFERROR(VLOOKUP($B89,'Sovereign Ratings Summary'!$B$10:$R$309,3,FALSE),"--") -> Baa3 | D89: =IFERROR(VLOOKUP($B89,'Sovereign Ratings Summary'!$B$10:$R$309,5,FALSE),"--") -> STA | E89: =IFERROR(VLOOKUP($B89,'Sovereign Ratings Summary'!$B$10:$R$309,7,FALSE),"--") -> Baa3 | F89: =IFERROR(VLOOKUP($B89,'Sovereign Ratings Summary'!$B$10:$R$309,9,FALSE),"--") -> STA | H89: =IFERROR(VLOOKUP($B89,'Sovereign Ratings Summary'!$B$10:$R$309,11,FALSE),"--") -> A3 | I89: =IFERROR(VLOOKUP($B89,'Sovereign Ratings Summary'!$B$10:$R$309,13,FALSE),"--") -> Baa2 | K89: =IFERROR(VLOOKUP($B89,'Sovereign Ratings Summary'!$B$10:$R$309,15,FALSE),"--") -> A2 | L89: =IFERROR(VLOOKUP($B89,'Sovereign Ratings Summary'!$B$10:$R$309,17,FALSE),"--") -> Baa1 | N89: =""
A90: Peru | B90: Peru | C90: =IFERROR(VLOOKUP($B90,'Sovereign Ratings Summary'!$B$10:$R$309,3,FALSE),"--") -> Baa1 | D90: =IFERROR(VLOOKUP($B90,'Sovereign Ratings Summary'!$B$10:$R$309,5,FALSE),"--") -> STA | E90: =IFERROR(VLOOKUP($B90,'Sovereign Ratings Summary'!$B$10:$R$309,7,FALSE),"--") -> Baa1 | F90: =IFERROR(VLOOKUP($B90,'Sovereign Ratings Summary'!$B$10:$R$309,9,FALSE),"--") -> STA | H90: =IFERROR(VLOOKUP($B90,'Sovereign Ratings Summary'!$B$10:$R$309,11,FALSE),"--") -> Aa3 | I90: =IFERROR(VLOOKUP($B90,'Sovereign Ratings Summary'!$B$10:$R$309,13,FALSE),"--") -> Aa2 | K90: =IFERROR(VLOOKUP($B90,'Sovereign Ratings Summary'!$B$10:$R$309,15,FALSE),"--") -> Aa3 | L90: =IFERROR(VLOOKUP($B90,'Sovereign Ratings Summary'!$B$10:$R$309,17,FALSE),"--") -> Aa2 | N90: =""
A91: Philippines | B91: Philippines | C91: =IFERROR(VLOOKUP($B91,'Sovereign Ratings Summary'!$B$10:$R$309,3,FALSE),"--") -> Baa2 | D91: =IFERROR(VLOOKUP($B91,'Sovereign Ratings Summary'!$B$10:$R$309,5,FALSE),"--") -> STA | E91: =IFERROR(VLOOKUP($B91,'Sovereign Ratings Summary'!$B$10:$R$309,7,FALSE),"--") -> Baa2 | F91: =IFERROR(VLOOKUP($B91,'Sovereign Ratings Summary'!$B$10:$R$309,9,FALSE),"--") -> STA | H91: =IFERROR(VLOOKUP($B91,'Sovereign Ratings Summary'!$B$10:$R$309,11,FALSE),"--") -> A2 | I91: =IFERROR(VLOOKUP($B91,'Sovereign Ratings Summary'!$B$10:$R$309,13,FALSE),"--") -> A2 | K91: =IFERROR(VLOOKUP($B91,'Sovereign Ratings Summary'!$B$10:$R$309,15,FALSE),"--") -> A1 | L91: =IFERROR(VLOOKUP($B91,'Sovereign Ratings Summary'!$B$10:$R$309,17,FALSE),"--") -> A1 | N91: =""
A92: Poland | B92: Poland | C92: =IFERROR(VLOOKUP($B92,'Sovereign Ratings Summary'!$B$10:$R$309,3,FALSE),"--") -> A2 | D92: =IFERROR(VLOOKUP($B92,'Sovereign Ratings Summary'!$B$10:$R$309,5,FALSE),"--") -> NEG | E92: =IFERROR(VLOOKUP($B92,'Sovereign Ratings Summary'!$B$10:$R$309,7,FALSE),"--") -> A2 | F92: =IFERROR(VLOOKUP($B92,'Sovereign Ratings Summary'!$B$10:$R$309,9,FALSE),"--") -> NEG | H92: =IFERROR(VLOOKUP($B92,'Sovereign Ratings Summary'!$B$10:$R$309,11,FALSE),"--") -> Aa1 | I92: =IFERROR(VLOOKUP($B92,'Sovereign Ratings Summary'!$B$10:$R$309,13,FALSE),"--") -> Aa1 | K92: =IFERROR(VLOOKUP($B92,'Sovereign Ratings Summary'!$B$10:$R$309,15,FALSE),"--") -> Aa1 | L92: =IFERROR(VLOOKUP($B92,'Sovereign Ratings Summary'!$B$10:$R$309,17,FALSE),"--") -> Aa1 | N92: =""
A93: Portugal | B93: Portugal | C93: =IFERROR(VLOOKUP($B93,'Sovereign Ratings Summary'!$B$10:$R$309,3,FALSE),"--") -> A3 | D93: =IFERROR(VLOOKUP($B93,'Sovereign Ratings Summary'!$B$10:$R$309,5,FALSE),"--") -> STA | E93: =IFERROR(VLOOKUP($B93,'Sovereign Ratings Summary'!$B$10:$R$309,7,FALSE),"--") -> A3 | F93: =IFERROR(VLOOKUP($B93,'Sovereign Ratings Summary'!$B$10:$R$309,9,FALSE),"--") -> STA | H93: =IFERROR(VLOOKUP($B93,'Sovereign Ratings Summary'!$B$10:$R$309,11,FALSE),"--") -> Aaa | I93: =IFERROR(VLOOKUP($B93,'Sovereign Ratings Summary'!$B$10:$R$309,13,FALSE),"--") -> Aa3 | K93: =IFERROR(VLOOKUP($B93,'Sovereign Ratings Summary'!$B$10:$R$309,15,FALSE),"--") -> Aaa | L93: =IFERROR(VLOOKUP($B93,'Sovereign Ratings Summary'!$B$10:$R$309,17,FALSE),"--") -> Aa3
A94: Qatar | B94: Qatar | C94: =IFERROR(VLOOKUP($B94,'Sovereign Ratings Summary'!$B$10:$R$309,3,FALSE),"--") -> Aa2 | D94: =IFERROR(VLOOKUP($B94,'Sovereign Ratings Summary'!$B$10:$R$309,5,FALSE),"--") -> STA | E94: =IFERROR(VLOOKUP($B94,'Sovereign Ratings Summary'!$B$10:$R$309,7,FALSE),"--") -> Aa2 | F94: =IFERROR(VLOOKUP($B94,'Sovereign Ratings Summary'!$B$10:$R$309,9,FALSE),"--") -> STA | H94: =IFERROR(VLOOKUP($B94,'Sovereign Ratings Summary'!$B$10:$R$309,11,FALSE),"--") -> Aaa | I94: =IFERROR(VLOOKUP($B94,'Sovereign Ratings Summary'!$B$10:$R$309,13,FALSE),"--") -> Aa1 | K94: =IFERROR(VLOOKUP($B94,'Sovereign Ratings Summary'!$B$10:$R$309,15,FALSE),"--") -> Aaa | L94: =IFERROR(VLOOKUP($B94,'Sovereign Ratings Summary'!$B$10:$R$309,17,FALSE),"--") -> Aa1 | N94: =""
A95: Romania | B95: Romania | C95: =IFERROR(VLOOKUP($B95,'Sovereign Ratings Summary'!$B$10:$R$309,3,FALSE),"--") -> Baa3 | D95: =IFERROR(VLOOKUP($B95,'Sovereign Ratings Summary'!$B$10:$R$309,5,FALSE),"--") -> NEG | E95: =IFERROR(VLOOKUP($B95,'Sovereign Ratings Summary'!$B$10:$R$309,7,FALSE),"--") -> Baa3 | F95: =IFERROR(VLOOKUP($B95,'Sovereign Ratings Summary'!$B$10:$R$309,9,FALSE),"--") -> NEG | H95: =IFERROR(VLOOKUP($B95,'Sovereign Ratings Summary'!$B$10:$R$309,11,FALSE),"--") -> A2 | I95: =IFERROR(VLOOKUP($B95,'Sovereign Ratings Summary'!$B$10:$R$309,13,FALSE),"--") -> A2 | K95: =IFERROR(VLOOKUP($B95,'Sovereign Ratings Summary'!$B$10:$R$309,15,FALSE),"--") -> A2 | L95: =IFERROR(VLOOKUP($B95,'Sovereign Ratings Summary'!$B$10:$R$309,17,FALSE),"--") -> A2 | N95: =""
A96: Russia | B96: Russia | C96: =IFERROR(VLOOKUP($B96,'Sovereign Ratings Summary'!$B$10:$R$309,3,FALSE),"--") -> WR | D96: =IFERROR(VLOOKUP($B96,'Sovereign Ratings Summary'!$B$10:$R$309,5,FALSE),"--") -> RWR | E96: =IFERROR(VLOOKUP($B96,'Sovereign Ratings Summary'!$B$10:$R$309,7,FALSE),"--") -> WR | F96: =IFERROR(VLOOKUP($B96,'Sovereign Ratings Summary'!$B$10:$R$309,9,FALSE),"--") -> RWR | H96: =IFERROR(VLOOKUP($B96,'Sovereign Ratings Summary'!$B$10:$R$309,11,FALSE),"--") -> WR | I96: =IFERROR(VLOOKUP($B96,'Sovereign Ratings Summary'!$B$10:$R$309,13,FALSE),"--") -> Baa2 | K96: =IFERROR(VLOOKUP($B96,'Sovereign Ratings Summary'!$B$10:$R$309,15,FALSE),"--") -> WR | L96: =IFERROR(VLOOKUP($B96,'Sovereign Ratings Summary'!$B$10:$R$309,17,FALSE),"--") -> Baa1 | N96: =""
A97: Saudi Arabia | B97: Saudi Arabia | C97: =IFERROR(VLOOKUP($B97,'Sovereign Ratings Summary'!$B$10:$R$309,3,FALSE),"--") -> Aa3 | D97: =IFERROR(VLOOKUP($B97,'Sovereign Ratings Summary'!$B$10:$R$309,5,FALSE),"--") -> STA | E97: =IFERROR(VLOOKUP($B97,'Sovereign Ratings Summary'!$B$10:$R$309,7,FALSE),"--") -> Aa3 | F97: =IFERROR(VLOOKUP($B97,'Sovereign Ratings Summary'!$B$10:$R$309,9,FALSE),"--") -> STA | H97: =IFERROR(VLOOKUP($B97,'Sovereign Ratings Summary'!$B$10:$R$309,11,FALSE),"--") -> Aaa | I97: =IFERROR(VLOOKUP($B97,'Sovereign Ratings Summary'!$B$10:$R$309,13,FALSE),"--") -> Aa2 | K97: =IFERROR(VLOOKUP($B97,'Sovereign Ratings Summary'!$B$10:$R$309,15,FALSE),"--") -> Aaa | L97: =IFERROR(VLOOKUP($B97,'Sovereign Ratings Summary'!$B$10:$R$309,17,FALSE),"--") -> Aa2 | N97: =""
A98: Senegal | B98: Senegal | C98: =IFERROR(VLOOKUP($B98,'Sovereign Ratings Summary'!$B$10:$R$309,3,FALSE),"--") -> Caa1 | D98: =IFERROR(VLOOKUP($B98,'Sovereign Ratings Summary'!$B$10:$R$309,5,FALSE),"--") -> NEG | E98: =IFERROR(VLOOKUP($B98,'Sovereign Ratings Summary'!$B$10:$R$309,7,FALSE),"--") -> Caa1 | F98: =IFERROR(VLOOKUP($B98,'Sovereign Ratings Summary'!$B$10:$R$309,9,FALSE),"--") -> NEG | H98: =IFERROR(VLOOKUP($B98,'Sovereign Ratings Summary'!$B$10:$R$309,11,FALSE),"--") -> B1 | I98: =IFERROR(VLOOKUP($B98,'Sovereign Ratings Summary'!$B$10:$R$309,13,FALSE),"--") -> Baa3 | K98: =IFERROR(VLOOKUP($B98,'Sovereign Ratings Summary'!$B$10:$R$309,15,FALSE),"--") -> Ba3 | L98: =IFERROR(VLOOKUP($B98,'Sovereign Ratings Summary'!$B$10:$R$309,17,FALSE),"--") -> Baa2
A99: Singapore | B99: Singapore | C99: =IFERROR(VLOOKUP($B99,'Sovereign Ratings Summary'!$B$10:$R$309,3,FALSE),"--") -> Aaa | D99: =IFERROR(VLOOKUP($B99,'Sovereign Ratings Summary'!$B$10:$R$309,5,FALSE),"--") -> STA | E99: =IFERROR(VLOOKUP($B99,'Sovereign Ratings Summary'!$B$10:$R$309,7,FALSE),"--") -> Aaa | F99: =IFERROR(VLOOKUP($B99,'Sovereign Ratings Summary'!$B$10:$R$309,9,FALSE),"--") -> STA | H99: =IFERROR(VLOOKUP($B99,'Sovereign Ratings Summary'!$B$10:$R$309,11,FALSE),"--") -> Aaa | I99: =IFERROR(VLOOKUP($B99,'Sovereign Ratings Summary'!$B$10:$R$309,13,FALSE),"--") -> Aaa | K99: =IFERROR(VLOOKUP($B99,'Sovereign Ratings Summary'!$B$10:$R$309,15,FALSE),"--") -> Aaa | L99: =IFERROR(VLOOKUP($B99,'Sovereign Ratings Summary'!$B$10:$R$309,17,FALSE),"--") -> Aaa | N99: =""
A100: Sint Maarten | B100: St. Maarten | C100: =IFERROR(VLOOKUP($B100,'Sovereign Ratings Summary'!$B$10:$R$309,3,FALSE),"--") -> -- | D100: =IFERROR(VLOOKUP($B100,'Sovereign Ratings Summary'!$B$10:$R$309,5,FALSE),"--") -> -- | E100: =IFERROR(VLOOKUP($B100,'Sovereign Ratings Summary'!$B$10:$R$309,7,FALSE),"--") -> -- | F100: =IFERROR(VLOOKUP($B100,'Sovereign Ratings Summary'!$B$10:$R$309,9,FALSE),"--") -> -- | H100: =IFERROR(VLOOKUP($B100,'Sovereign Ratings Summary'!$B$10:$R$309,11,FALSE),"--") -> -- | I100: =IFERROR(VLOOKUP($B100,'Sovereign Ratings Summary'!$B$10:$R$309,13,FALSE),"--") -> -- | K100: =IFERROR(VLOOKUP($B100,'Sovereign Ratings Summary'!$B$10:$R$309,15,FALSE),"--") -> -- | L100: =IFERROR(VLOOKUP($B100,'Sovereign Ratings Summary'!$B$10:$R$309,17,FALSE),"--") -> -- | N100: =""
A101: Slovakia | B101: Slovakia | C101: =IFERROR(VLOOKUP($B101,'Sovereign Ratings Summary'!$B$10:$R$309,3,FALSE),"--") -> A3 | D101: =IFERROR(VLOOKUP($B101,'Sovereign Ratings Summary'!$B$10:$R$309,5,FALSE),"--") -> STA | E101: =IFERROR(VLOOKUP($B101,'Sovereign Ratings Summary'!$B$10:$R$309,7,FALSE),"--") -> A3 | F101: =IFERROR(VLOOKUP($B101,'Sovereign Ratings Summary'!$B$10:$R$309,9,FALSE),"--") -> STA | H101: =IFERROR(VLOOKUP($B101,'Sovereign Ratings Summary'!$B$10:$R$309,11,FALSE),"--") -> Aaa | I101: =IFERROR(VLOOKUP($B101,'Sovereign Ratings Summary'!$B$10:$R$309,13,FALSE),"--") -> Aaa | K101: =IFERROR(VLOOKUP($B101,'Sovereign Ratings Summary'!$B$10:$R$309,15,FALSE),"--") -> Aaa | L101: =IFERROR(VLOOKUP($B101,'Sovereign Ratings Summary'!$B$10:$R$309,17,FALSE),"--") -> Aaa
A102: Slovenia | B102: Slovenia | C102: =IFERROR(VLOOKUP($B102,'Sovereign Ratings Summary'!$B$10:$R$309,3,FALSE),"--") -> A2 | D102: =IFERROR(VLOOKUP($B102,'Sovereign Ratings Summary'!$B$10:$R$309,5,FALSE),"--") -> STA | E102: =IFERROR(VLOOKUP($B102,'Sovereign Ratings Summary'!$B$10:$R$309,7,FALSE),"--") -> A2 | F102: =IFERROR(VLOOKUP($B102,'Sovereign Ratings Summary'!$B$10:$R$309,9,FALSE),"--") -> STA | H102: =IFERROR(VLOOKUP($B102,'Sovereign Ratings Summary'!$B$10:$R$309,11,FALSE),"--") -> Aaa | I102: =IFERROR(VLOOKUP($B102,'Sovereign Ratings Summary'!$B$10:$R$309,13,FALSE),"--") -> Aaa | K102: =IFERROR(VLOOKUP($B102,'Sovereign Ratings Summary'!$B$10:$R$309,15,FALSE),"--") -> Aaa | L102: =IFERROR(VLOOKUP($B102,'Sovereign Ratings Summary'!$B$10:$R$309,17,FALSE),"--") -> Aaa | N102: =""
A103: South Africa | B103: South Africa | C103: =IFERROR(VLOOKUP($B103,'Sovereign Ratings Summary'!$B$10:$R$309,3,FALSE),"--") -> Ba2 | D103: =IFERROR(VLOOKUP($B103,'Sovereign Ratings Summary'!$B$10:$R$309,5,FALSE),"--") -> STA | E103: =IFERROR(VLOOKUP($B103,'Sovereign Ratings Summary'!$B$10:$R$309,7,FALSE),"--") -> Ba2 | F103: =IFERROR(VLOOKUP($B103,'Sovereign Ratings Summary'!$B$10:$R$309,9,FALSE),"--") -> STA | H103: =IFERROR(VLOOKUP($B103,'Sovereign Ratings Summary'!$B$10:$R$309,11,FALSE),"--") -> Baa2 | I103: =IFERROR(VLOOKUP($B103,'Sovereign Ratings Summary'!$B$10:$R$309,13,FALSE),"--") -> Baa2 | K103: =IFERROR(VLOOKUP($B103,'Sovereign Ratings Summary'!$B$10:$R$309,15,FALSE),"--") -> Baa1 | L103: =IFERROR(VLOOKUP($B103,'Sovereign Ratings Summary'!$B$10:$R$309,17,FALSE),"--") -> Baa1 | N103: =""
A104: Spain | B104: Spain | C104: =IFERROR(VLOOKUP($B104,'Sovereign Ratings Summary'!$B$10:$R$309,3,FALSE),"--") -> A3 | D104: =IFERROR(VLOOKUP($B104,'Sovereign Ratings Summary'!$B$10:$R$309,5,FALSE),"--") -> STA | E104: =IFERROR(VLOOKUP($B104,'Sovereign Ratings Summary'!$B$10:$R$309,7,FALSE),"--") -> A3 | F104: =IFERROR(VLOOKUP($B104,'Sovereign Ratings Summary'!$B$10:$R$309,9,FALSE),"--") -> STA | H104: =IFERROR(VLOOKUP($B104,'Sovereign Ratings Summary'!$B$10:$R$309,11,FALSE),"--") -> Aaa | I104: =IFERROR(VLOOKUP($B104,'Sovereign Ratings Summary'!$B$10:$R$309,13,FALSE),"--") -> Aa1 | K104: =IFERROR(VLOOKUP($B104,'Sovereign Ratings Summary'!$B$10:$R$309,15,FALSE),"--") -> Aaa | L104: =IFERROR(VLOOKUP($B104,'Sovereign Ratings Summary'!$B$10:$R$309,17,FALSE),"--") -> Aa1 | N104: =""
A105: Sri Lanka | B105: Sri Lanka | C105: =IFERROR(VLOOKUP($B105,'Sovereign Ratings Summary'!$B$10:$R$309,3,FALSE),"--") -> Caa1 | D105: =IFERROR(VLOOKUP($B105,'Sovereign Ratings Summary'!$B$10:$R$309,5,FALSE),"--") -> STA | E105: =IFERROR(VLOOKUP($B105,'Sovereign Ratings Summary'!$B$10:$R$309,7,FALSE),"--") -> - | F105: =IFERROR(VLOOKUP($B105,'Sovereign Ratings Summary'!$B$10:$R$309,9,FALSE),"--") -> - | H105: =IFERROR(VLOOKUP($B105,'Sovereign Ratings Summary'!$B$10:$R$309,11,FALSE),"--") -> B3 | I105: =IFERROR(VLOOKUP($B105,'Sovereign Ratings Summary'!$B$10:$R$309,13,FALSE),"--") -> B3 | K105: =IFERROR(VLOOKUP($B105,'Sovereign Ratings Summary'!$B$10:$R$309,15,FALSE),"--") -> B1 | L105: =IFERROR(VLOOKUP($B105,'Sovereign Ratings Summary'!$B$10:$R$309,17,FALSE),"--") -> B1 | N105: =""
A106: St. Vincent & the Grenadines | B106: St. Vincent & the Grenadines | C106: =IFERROR(VLOOKUP($B106,'Sovereign Ratings Summary'!$B$10:$R$309,3,FALSE),"--") -> B3 | D106: =IFERROR(VLOOKUP($B106,'Sovereign Ratings Summary'!$B$10:$R$309,5,FALSE),"--") -> STA | E106: =IFERROR(VLOOKUP($B106,'Sovereign Ratings Summary'!$B$10:$R$309,7,FALSE),"--") -> B3 | F106: =IFERROR(VLOOKUP($B106,'Sovereign Ratings Summary'!$B$10:$R$309,9,FALSE),"--") -> STA | H106: =IFERROR(VLOOKUP($B106,'Sovereign Ratings Summary'!$B$10:$R$309,11,FALSE),"--") -> B2 | I106: =IFERROR(VLOOKUP($B106,'Sovereign Ratings Summary'!$B$10:$R$309,13,FALSE),"--") -> B2 | K106: =IFERROR(VLOOKUP($B106,'Sovereign Ratings Summary'!$B$10:$R$309,15,FALSE),"--") -> Ba3 | L106: =IFERROR(VLOOKUP($B106,'Sovereign Ratings Summary'!$B$10:$R$309,17,FALSE),"--") -> Ba3 | N106: =""
A107: Suriname | B107: Suriname | C107: =IFERROR(VLOOKUP($B107,'Sovereign Ratings Summary'!$B$10:$R$309,3,FALSE),"--") -> Caa1 | D107: =IFERROR(VLOOKUP($B107,'Sovereign Ratings Summary'!$B$10:$R$309,5,FALSE),"--") -> POS | E107: =IFERROR(VLOOKUP($B107,'Sovereign Ratings Summary'!$B$10:$R$309,7,FALSE),"--") -> Caa1 | F107: =IFERROR(VLOOKUP($B107,'Sovereign Ratings Summary'!$B$10:$R$309,9,FALSE),"--") -> POS | H107: =IFERROR(VLOOKUP($B107,'Sovereign Ratings Summary'!$B$10:$R$309,11,FALSE),"--") -> B3 | I107: =IFERROR(VLOOKUP($B107,'Sovereign Ratings Summary'!$B$10:$R$309,13,FALSE),"--") -> Caa2 | K107: =IFERROR(VLOOKUP($B107,'Sovereign Ratings Summary'!$B$10:$R$309,15,FALSE),"--") -> B2 | L107: =IFERROR(VLOOKUP($B107,'Sovereign Ratings Summary'!$B$10:$R$309,17,FALSE),"--") -> Caa1 | N107: =""
A108: Sweden | B108: Sweden | C108: =IFERROR(VLOOKUP($B108,'Sovereign Ratings Summary'!$B$10:$R$309,3,FALSE),"--") -> Aaa | D108: =IFERROR(VLOOKUP($B108,'Sovereign Ratings Summary'!$B$10:$R$309,5,FALSE),"--") -> STA | E108: =IFERROR(VLOOKUP($B108,'Sovereign Ratings Summary'!$B$10:$R$309,7,FALSE),"--") -> Aaa | F108: =IFERROR(VLOOKUP($B108,'Sovereign Ratings Summary'!$B$10:$R$309,9,FALSE),"--") -> STA | H108: =IFERROR(VLOOKUP($B108,'Sovereign Ratings Summary'!$B$10:$R$309,11,FALSE),"--") -> Aaa | I108: =IFERROR(VLOOKUP($B108,'Sovereign Ratings Summary'!$B$10:$R$309,13,FALSE),"--") -> Aaa | K108: =IFERROR(VLOOKUP($B108,'Sovereign Ratings Summary'!$B$10:$R$309,15,FALSE),"--") -> Aaa | L108: =IFERROR(VLOOKUP($B108,'Sovereign Ratings Summary'!$B$10:$R$309,17,FALSE),"--") -> Aaa | N108: =""
A109: Switzerland | B109: Switzerland | C109: =IFERROR(VLOOKUP($B109,'Sovereign Ratings Summary'!$B$10:$R$309,3,FALSE),"--") -> Aaa | D109: =IFERROR(VLOOKUP($B109,'Sovereign Ratings Summary'!$B$10:$R$309,5,FALSE),"--") -> STA | E109: =IFERROR(VLOOKUP($B109,'Sovereign Ratings Summary'!$B$10:$R$309,7,FALSE),"--") -> Aaa | F109: =IFERROR(VLOOKUP($B109,'Sovereign Ratings Summary'!$B$10:$R$309,9,FALSE),"--") -> STA | H109: =IFERROR(VLOOKUP($B109,'Sovereign Ratings Summary'!$B$10:$R$309,11,FALSE),"--") -> Aaa | I109: =IFERROR(VLOOKUP($B109,'Sovereign Ratings Summary'!$B$10:$R$309,13,FALSE),"--") -> Aaa | K109: =IFERROR(VLOOKUP($B109,'Sovereign Ratings Summary'!$B$10:$R$309,15,FALSE),"--") -> Aaa | L109: =IFERROR(VLOOKUP($B109,'Sovereign Ratings Summary'!$B$10:$R$309,17,FALSE),"--") -> Aaa | N109: =""
A110: Taiwan | B110: Taiwan | C110: =IFERROR(VLOOKUP($B110,'Sovereign Ratings Summary'!$B$10:$R$309,3,FALSE),"--") -> -- | D110: =IFERROR(VLOOKUP($B110,'Sovereign Ratings Summary'!$B$10:$R$309,5,FALSE),"--") -> -- | E110: =IFERROR(VLOOKUP($B110,'Sovereign Ratings Summary'!$B$10:$R$309,7,FALSE),"--") -> -- | F110: =IFERROR(VLOOKUP($B110,'Sovereign Ratings Summary'!$B$10:$R$309,9,FALSE),"--") -> -- | H110: =IFERROR(VLOOKUP($B110,'Sovereign Ratings Summary'!$B$10:$R$309,11,FALSE),"--") -> -- | I110: =IFERROR(VLOOKUP($B110,'Sovereign Ratings Summary'!$B$10:$R$309,13,FALSE),"--") -> -- | K110: =IFERROR(VLOOKUP($B110,'Sovereign Ratings Summary'!$B$10:$R$309,15,FALSE),"--") -> -- | L110: =IFERROR(VLOOKUP($B110,'Sovereign Ratings Summary'!$B$10:$R$309,17,FALSE),"--") -> -- | N110: =""
A111: Thailand | B111: Thailand | C111: =IFERROR(VLOOKUP($B111,'Sovereign Ratings Summary'!$B$10:$R$309,3,FALSE),"--") -> Baa1 | D111: =IFERROR(VLOOKUP($B111,'Sovereign Ratings Summary'!$B$10:$R$309,5,FALSE),"--") -> STA | E111: =IFERROR(VLOOKUP($B111,'Sovereign Ratings Summary'!$B$10:$R$309,7,FALSE),"--") -> Baa1 | F111: =IFERROR(VLOOKUP($B111,'Sovereign Ratings Summary'!$B$10:$R$309,9,FALSE),"--") -> STA | H111: =IFERROR(VLOOKUP($B111,'Sovereign Ratings Summary'!$B$10:$R$309,11,FALSE),"--") -> A1 | I111: =IFERROR(VLOOKUP($B111,'Sovereign Ratings Summary'!$B$10:$R$309,13,FALSE),"--") -> A1 | K111: =IFERROR(VLOOKUP($B111,'Sovereign Ratings Summary'!$B$10:$R$309,15,FALSE),"--") -> Aa3 | L111: =IFERROR(VLOOKUP($B111,'Sovereign Ratings Summary'!$B$10:$R$309,17,FALSE),"--") -> Aa3 | N111: =""
A112: Trinidad and Tobago | B112: Trinidad and Tobago | C112: =IFERROR(VLOOKUP($B112,'Sovereign Ratings Summary'!$B$10:$R$309,3,FALSE),"--") -> Ba2 | D112: =IFERROR(VLOOKUP($B112,'Sovereign Ratings Summary'!$B$10:$R$309,5,FALSE),"--") -> NEG | E112: =IFERROR(VLOOKUP($B112,'Sovereign Ratings Summary'!$B$10:$R$309,7,FALSE),"--") -> Ba2 | F112: =IFERROR(VLOOKUP($B112,'Sovereign Ratings Summary'!$B$10:$R$309,9,FALSE),"--") -> NEG | H112: =IFERROR(VLOOKUP($B112,'Sovereign Ratings Summary'!$B$10:$R$309,11,FALSE),"--") -> Ba1 | I112: =IFERROR(VLOOKUP($B112,'Sovereign Ratings Summary'!$B$10:$R$309,13,FALSE),"--") -> Baa3 | K112: =IFERROR(VLOOKUP($B112,'Sovereign Ratings Summary'!$B$10:$R$309,15,FALSE),"--") -> Baa2 | L112: =IFERROR(VLOOKUP($B112,'Sovereign Ratings Summary'!$B$10:$R$309,17,FALSE),"--") -> Baa1 | N112: =""
A113: Tunisia | B113: Tunisia | C113: =IFERROR(VLOOKUP($B113,'Sovereign Ratings Summary'!$B$10:$R$309,3,FALSE),"--") -> Caa1 | D113: =IFERROR(VLOOKUP($B113,'Sovereign Ratings Summary'!$B$10:$R$309,5,FALSE),"--") -> STA | E113: =IFERROR(VLOOKUP($B113,'Sovereign Ratings Summary'!$B$10:$R$309,7,FALSE),"--") -> Caa1 | F113: =IFERROR(VLOOKUP($B113,'Sovereign Ratings Summary'!$B$10:$R$309,9,FALSE),"--") -> STA | H113: =IFERROR(VLOOKUP($B113,'Sovereign Ratings Summary'!$B$10:$R$309,11,FALSE),"--") -> B3 | I113: =IFERROR(VLOOKUP($B113,'Sovereign Ratings Summary'!$B$10:$R$309,13,FALSE),"--") -> B1 | K113: =IFERROR(VLOOKUP($B113,'Sovereign Ratings Summary'!$B$10:$R$309,15,FALSE),"--") -> B1 | L113: =IFERROR(VLOOKUP($B113,'Sovereign Ratings Summary'!$B$10:$R$309,17,FALSE),"--") -> Ba2 | N113: =""
... A125: Isle of Man | B125: Isle of Man | C125: =IFERROR(VLOOKUP($B125,'Sovereign Ratings Summary'!$B$10:$R$309,3,FALSE),"--") -> Aa3 | D125: =IFERROR(VLOOKUP($B125,'Sovereign Ratings Summary'!$B$10:$R$309,5,FALSE),"--") -> STA | E125: =IFERROR(VLOOKUP($B125,'Sovereign Ratings Summary'!$B$10:$R$309,7,FALSE),"--") -> Aa3 | F125: =IFERROR(VLOOKUP($B125,'Sovereign Ratings Summary'!$B$10:$R$309,9,FALSE),"--") -> STA | H125: =IFERROR(VLOOKUP($B125,'Sovereign Ratings Summary'!$B$10:$R$309,11,FALSE),"--") -> Aaa | I125: =IFERROR(VLOOKUP($B125,'Sovereign Ratings Summary'!$B$10:$R$309,13,FALSE),"--") -> Aaa | K125: =IFERROR(VLOOKUP($B125,'Sovereign Ratings Summary'!$B$10:$R$309,15,FALSE),"--") -> Aaa | L125: =IFERROR(VLOOKUP($B125,'Sovereign Ratings Summary'!$B$10:$R$309,17,FALSE),"--") -> Aaa | N125: =""
A126: Republic of the Congo | B126: =A126 -> Republic of the Congo | C126: =IFERROR(VLOOKUP($B126,'Sovereign Ratings Summary'!$B$10:$R$309,3,FALSE),"--") -> Caa2 | D126: =IFERROR(VLOOKUP($B126,'Sovereign Ratings Summary'!$B$10:$R$309,5,FALSE),"--") -> STA | E126: =IFERROR(VLOOKUP($B126,'Sovereign Ratings Summary'!$B$10:$R$309,7,FALSE),"--") -> Caa2 | F126: =IFERROR(VLOOKUP($B126,'Sovereign Ratings Summary'!$B$10:$R$309,9,FALSE),"--") -> STA | H126: =IFERROR(VLOOKUP($B126,'Sovereign Ratings Summary'!$B$10:$R$309,11,FALSE),"--") -> Caa1 | I126: =IFERROR(VLOOKUP($B126,'Sovereign Ratings Summary'!$B$10:$R$309,13,FALSE),"--") -> Caa1 | K126: =IFERROR(VLOOKUP($B126,'Sovereign Ratings Summary'!$B$10:$R$309,15,FALSE),"--") -> B2 | L126: =IFERROR(VLOOKUP($B126,'Sovereign Ratings Summary'!$B$10:$R$309,17,FALSE),"--") -> B2 | N126: =""
A127: Mozambique | B127: =A127 -> Mozambique | C127: =IFERROR(VLOOKUP($B127,'Sovereign Ratings Summary'!$B$10:$R$309,3,FALSE),"--") -> Caa2 | D127: =IFERROR(VLOOKUP($B127,'Sovereign Ratings Summary'!$B$10:$R$309,5,FALSE),"--") -> STA | E127: =IFERROR(VLOOKUP($B127,'Sovereign Ratings Summary'!$B$10:$R$309,7,FALSE),"--") -> Caa3 | F127: =IFERROR(VLOOKUP($B127,'Sovereign Ratings Summary'!$B$10:$R$309,9,FALSE),"--") -> STA | H127: =IFERROR(VLOOKUP($B127,'Sovereign Ratings Summary'!$B$10:$R$309,11,FALSE),"--") -> Caa2 | I127: =IFERROR(VLOOKUP($B127,'Sovereign Ratings Summary'!$B$10:$R$309,13,FALSE),"--") -> Caa1 | K127: =IFERROR(VLOOKUP($B127,'Sovereign Ratings Summary'!$B$10:$R$309,15,FALSE),"--") -> Caa1 | L127: =IFERROR(VLOOKUP($B127,'Sovereign Ratings Summary'!$B$10:$R$309,17,FALSE),"--") -> Caa1 | N127: =""
A128: Uganda | B128: =A128 -> Uganda | C128: =IFERROR(VLOOKUP($B128,'Sovereign Ratings Summary'!$B$10:$R$309,3,FALSE),"--") -> B3 | D128: =IFERROR(VLOOKUP($B128,'Sovereign Ratings Summary'!$B$10:$R$309,5,FALSE),"--") -> STA | E128: =IFERROR(VLOOKUP($B128,'Sovereign Ratings Summary'!$B$10:$R$309,7,FALSE),"--") -> B3 | F128: =IFERROR(VLOOKUP($B128,'Sovereign Ratings Summary'!$B$10:$R$309,9,FALSE),"--") -> STA | H128: =IFERROR(VLOOKUP($B128,'Sovereign Ratings Summary'!$B$10:$R$309,11,FALSE),"--") -> B1 | I128: =IFERROR(VLOOKUP($B128,'Sovereign Ratings Summary'!$B$10:$R$309,13,FALSE),"--") -> Ba3 | K128: =IFERROR(VLOOKUP($B128,'Sovereign Ratings Summary'!$B$10:$R$309,15,FALSE),"--") -> Ba3 | L128: =IFERROR(VLOOKUP($B128,'Sovereign Ratings Summary'!$B$10:$R$309,17,FALSE),"--") -> Ba2 | N128: =""
A129: Gabon | B129: =A129 -> Gabon | C129: =IFERROR(VLOOKUP($B129,'Sovereign Ratings Summary'!$B$10:$R$309,3,FALSE),"--") -> Caa2 | D129: =IFERROR(VLOOKUP($B129,'Sovereign Ratings Summary'!$B$10:$R$309,5,FALSE),"--") -> STA | E129: =IFERROR(VLOOKUP($B129,'Sovereign Ratings Summary'!$B$10:$R$309,7,FALSE),"--") -> Caa2 | F129: =IFERROR(VLOOKUP($B129,'Sovereign Ratings Summary'!$B$10:$R$309,9,FALSE),"--") -> STA | H129: =IFERROR(VLOOKUP($B129,'Sovereign Ratings Summary'!$B$10:$R$309,11,FALSE),"--") -> Caa1 | I129: =IFERROR(VLOOKUP($B129,'Sovereign Ratings Summary'!$B$10:$R$309,13,FALSE),"--") -> B3 | K129: =IFERROR(VLOOKUP($B129,'Sovereign Ratings Summary'!$B$10:$R$309,15,FALSE),"--") -> B2 | L129: =IFERROR(VLOOKUP($B129,'Sovereign Ratings Summary'!$B$10:$R$309,17,FALSE),"--") -> B1 | N129: =""
A130: Cote d'Ivoire | B130: Côte d'Ivoire | C130: =IFERROR(VLOOKUP($B130,'Sovereign Ratings Summary'!$B$10:$R$309,3,FALSE),"--") -> -- | D130: =IFERROR(VLOOKUP($B130,'Sovereign Ratings Summary'!$B$10:$R$309,5,FALSE),"--") -> -- | E130: =IFERROR(VLOOKUP($B130,'Sovereign Ratings Summary'!$B$10:$R$309,7,FALSE),"--") -> -- | F130: =IFERROR(VLOOKUP($B130,'Sovereign Ratings Summary'!$B$10:$R$309,9,FALSE),"--") -> -- | H130: =IFERROR(VLOOKUP($B130,'Sovereign Ratings Summary'!$B$10:$R$309,11,FALSE),"--") -> -- | I130: =IFERROR(VLOOKUP($B130,'Sovereign Ratings Summary'!$B$10:$R$309,13,FALSE),"--") -> -- | K130: =IFERROR(VLOOKUP($B130,'Sovereign Ratings Summary'!$B$10:$R$309,15,FALSE),"--") -> -- | L130: =IFERROR(VLOOKUP($B130,'Sovereign Ratings Summary'!$B$10:$R$309,17,FALSE),"--") -> -- | N130: =""
A131: Sharjah | B131: =A131 -> Sharjah | C131: =IFERROR(VLOOKUP($B131,'Sovereign Ratings Summary'!$B$10:$R$309,3,FALSE),"--") -> Ba1 | D131: =IFERROR(VLOOKUP($B131,'Sovereign Ratings Summary'!$B$10:$R$309,5,FALSE),"--") -> STA | E131: =IFERROR(VLOOKUP($B131,'Sovereign Ratings Summary'!$B$10:$R$309,7,FALSE),"--") -> Ba1 | F131: =IFERROR(VLOOKUP($B131,'Sovereign Ratings Summary'!$B$10:$R$309,9,FALSE),"--") -> STA | H131: =IFERROR(VLOOKUP($B131,'Sovereign Ratings Summary'!$B$10:$R$309,11,FALSE),"--") -> - | I131: =IFERROR(VLOOKUP($B131,'Sovereign Ratings Summary'!$B$10:$R$309,13,FALSE),"--") -> - | K131: =IFERROR(VLOOKUP($B131,'Sovereign Ratings Summary'!$B$10:$R$309,15,FALSE),"--") -> - | L131: =IFERROR(VLOOKUP($B131,'Sovereign Ratings Summary'!$B$10:$R$309,17,FALSE),"--") -> - | N131: =""
A132: Abu Dhabi | B132: =A132 -> Abu Dhabi | C132: =IFERROR(VLOOKUP($B132,'Sovereign Ratings Summary'!$B$10:$R$309,3,FALSE),"--") -> Aa2 | D132: =IFERROR(VLOOKUP($B132,'Sovereign Ratings Summary'!$B$10:$R$309,5,FALSE),"--") -> STA | E132: =IFERROR(VLOOKUP($B132,'Sovereign Ratings Summary'!$B$10:$R$309,7,FALSE),"--") -> Aa2 | F132: =IFERROR(VLOOKUP($B132,'Sovereign Ratings Summary'!$B$10:$R$309,9,FALSE),"--") -> STA | H132: =IFERROR(VLOOKUP($B132,'Sovereign Ratings Summary'!$B$10:$R$309,11,FALSE),"--") -> - | I132: =IFERROR(VLOOKUP($B132,'Sovereign Ratings Summary'!$B$10:$R$309,13,FALSE),"--") -> - | K132: =IFERROR(VLOOKUP($B132,'Sovereign Ratings Summary'!$B$10:$R$309,15,FALSE),"--") -> - | L132: =IFERROR(VLOOKUP($B132,'Sovereign Ratings Summary'!$B$10:$R$309,17,FALSE),"--") -> - | N132: =""
A133: Ethiopia | B133: =A133 -> Ethiopia | C133: =IFERROR(VLOOKUP($B133,'Sovereign Ratings Summary'!$B$10:$R$309,3,FALSE),"--") -> Caa3 | D133: =IFERROR(VLOOKUP($B133,'Sovereign Ratings Summary'!$B$10:$R$309,5,FALSE),"--") -> STA | E133: =IFERROR(VLOOKUP($B133,'Sovereign Ratings Summary'!$B$10:$R$309,7,FALSE),"--") -> Caa2 | F133: =IFERROR(VLOOKUP($B133,'Sovereign Ratings Summary'!$B$10:$R$309,9,FALSE),"--") -> STA | H133: =IFERROR(VLOOKUP($B133,'Sovereign Ratings Summary'!$B$10:$R$309,11,FALSE),"--") -> Caa2 | I133: =IFERROR(VLOOKUP($B133,'Sovereign Ratings Summary'!$B$10:$R$309,13,FALSE),"--") -> B2 | K133: =IFERROR(VLOOKUP($B133,'Sovereign Ratings Summary'!$B$10:$R$309,15,FALSE),"--") -> Caa1 | L133: =IFERROR(VLOOKUP($B133,'Sovereign Ratings Summary'!$B$10:$R$309,17,FALSE),"--") -> Ba3 | N133: =""
A134: Solomon Islands | B134: =A134 -> Solomon Islands | C134: =IFERROR(VLOOKUP($B134,'Sovereign Ratings Summary'!$B$10:$R$309,3,FALSE),"--") -> Caa1 | D134: =IFERROR(VLOOKUP($B134,'Sovereign Ratings Summary'!$B$10:$R$309,5,FALSE),"--") -> STA | E134: =IFERROR(VLOOKUP($B134,'Sovereign Ratings Summary'!$B$10:$R$309,7,FALSE),"--") -> Caa1 | F134: =IFERROR(VLOOKUP($B134,'Sovereign Ratings Summary'!$B$10:$R$309,9,FALSE),"--") -> STA | H134: =IFERROR(VLOOKUP($B134,'Sovereign Ratings Summary'!$B$10:$R$309,11,FALSE),"--") -> B3 | I134: =IFERROR(VLOOKUP($B134,'Sovereign Ratings Summary'!$B$10:$R$309,13,FALSE),"--") -> B2 | K134: =IFERROR(VLOOKUP($B134,'Sovereign Ratings Summary'!$B$10:$R$309,15,FALSE),"--") -> B2 | L134: =IFERROR(VLOOKUP($B134,'Sovereign Ratings Summary'!$B$10:$R$309,17,FALSE),"--") -> B1 | N134: =""
A135: Kyrgyz Republic | B135: =A135 -> Kyrgyz Republic | C135: =IFERROR(VLOOKUP($B135,'Sovereign Ratings Summary'!$B$10:$R$309,3,FALSE),"--") -> B3 | D135: =IFERROR(VLOOKUP($B135,'Sovereign Ratings Summary'!$B$10:$R$309,5,FALSE),"--") -> POS | E135: =IFERROR(VLOOKUP($B135,'Sovereign Ratings Summary'!$B$10:$R$309,7,FALSE),"--") -> B3 | F135: =IFERROR(VLOOKUP($B135,'Sovereign Ratings Summary'!$B$10:$R$309,9,FALSE),"--") -> POS | H135: =IFERROR(VLOOKUP($B135,'Sovereign Ratings Summary'!$B$10:$R$309,11,FALSE),"--") -> B3 | I135: =IFERROR(VLOOKUP($B135,'Sovereign Ratings Summary'!$B$10:$R$309,13,FALSE),"--") -> B2 | K135: =IFERROR(VLOOKUP($B135,'Sovereign Ratings Summary'!$B$10:$R$309,15,FALSE),"--") -> B2 | L135: =IFERROR(VLOOKUP($B135,'Sovereign Ratings Summary'!$B$10:$R$309,17,FALSE),"--") -> B1 | N135: =""
A136: Country.3 | B136: =A136 -> Country.3 | C136: =IFERROR(VLOOKUP($B136,'Sovereign Ratings Summary'!$B$10:$R$309,'Sovereign Ratings Summary'!#REF!,FALSE),"--") -> -- | D136: =IFERROR(VLOOKUP($B136,'Sovereign Ratings Summary'!$B$10:$R$309,'Sovereign Ratings Summary'!#REF!,FALSE),"--") -> -- | E136: =IFERROR(VLOOKUP($B136,'Sovereign Ratings Summary'!$B$10:$R$309,'Sovereign Ratings Summary'!#REF!,FALSE),"--") -> -- | F136: =IFERROR(VLOOKUP($B136,'Sovereign Ratings Summary'!$B$10:$R$309,'Sovereign Ratings Summary'!#REF!,FALSE),"--") -> -- | H136: =IFERROR(VLOOKUP($B136,'Sovereign Ratings Summary'!$B$10:$R$309,'Sovereign Ratings Summary'!$L$1,FALSE),"--") -> -- | I136: =IFERROR(VLOOKUP($B136,'Sovereign Ratings Summary'!$B$10:$R$309,'Sovereign Ratings Summary'!$N$1,FALSE),"--") -> -- | K136: =IFERROR(VLOOKUP($B136,'Sovereign Ratings Summary'!$B$10:$R$309,'Sovereign Ratings Summary'!$P$1,FALSE),"--") -> -- | L136: =IFERROR(VLOOKUP($B136,'Sovereign Ratings Summary'!$B$10:$R$309,'Sovereign Ratings Summary'!$R$1,FALSE),"--") -> -- | N136: =""
A137: Country.4 | B137: =A137 -> Country.4 | C137: =IFERROR(VLOOKUP($B137,'Sovereign Ratings Summary'!$B$10:$R$309,'Sovereign Ratings Summary'!#REF!,FALSE),"--") -> -- | D137: =IFERROR(VLOOKUP($B137,'Sovereign Ratings Summary'!$B$10:$R$309,'Sovereign Ratings Summary'!#REF!,FALSE),"--") -> -- | E137: =IFERROR(VLOOKUP($B137,'Sovereign Ratings Summary'!$B$10:$R$309,'Sovereign Ratings Summary'!#REF!,FALSE),"--") -> -- | F137: =IFERROR(VLOOKUP($B137,'Sovereign Ratings Summary'!$B$10:$R$309,'Sovereign Ratings Summary'!#REF!,FALSE),"--") -> -- | H137: =IFERROR(VLOOKUP($B137,'Sovereign Ratings Summary'!$B$10:$R$309,'Sovereign Ratings Summary'!$L$1,FALSE),"--") -> -- | I137: =IFERROR(VLOOKUP($B137,'Sovereign Ratings Summary'!$B$10:$R$309,'Sovereign Ratings Summary'!$N$1,FALSE),"--") -> -- | K137: =IFERROR(VLOOKUP($B137,'Sovereign Ratings Summary'!$B$10:$R$309,'Sovereign Ratings Summary'!$P$1,FALSE),"--") -> -- | L137: =IFERROR(VLOOKUP($B137,'Sovereign Ratings Summary'!$B$10:$R$309,'Sovereign Ratings Summary'!$R$1,FALSE),"--") -> -- | N137: =""
A138: Country.5 | B138: =A138 -> Country.5 | C138: =IFERROR(VLOOKUP($B138,'Sovereign Ratings Summary'!$B$10:$R$309,'Sovereign Ratings Summary'!#REF!,FALSE),"--") -> -- | D138: =IFERROR(VLOOKUP($B138,'Sovereign Ratings Summary'!$B$10:$R$309,'Sovereign Ratings Summary'!#REF!,FALSE),"--") -> -- | E138: =IFERROR(VLOOKUP($B138,'Sovereign Ratings Summary'!$B$10:$R$309,'Sovereign Ratings Summary'!#REF!,FALSE),"--") -> -- | F138: =IFERROR(VLOOKUP($B138,'Sovereign Ratings Summary'!$B$10:$R$309,'Sovereign Ratings Summary'!#REF!,FALSE),"--") -> -- | H138: =IFERROR(VLOOKUP($B138,'Sovereign Ratings Summary'!$B$10:$R$309,'Sovereign Ratings Summary'!$L$1,FALSE),"--") -> -- | I138: =IFERROR(VLOOKUP($B138,'Sovereign Ratings Summary'!$B$10:$R$309,'Sovereign Ratings Summary'!$N$1,FALSE),"--") -> -- | K138: =IFERROR(VLOOKUP($B138,'Sovereign Ratings Summary'!$B$10:$R$309,'Sovereign Ratings Summary'!$P$1,FALSE),"--") -> -- | L138: =IFERROR(VLOOKUP($B138,'Sovereign Ratings Summary'!$B$10:$R$309,'Sovereign Ratings Summary'!$R$1,FALSE),"--") -> -- | N138: =""
A139: Country.6 | B139: =A139 -> Country.6 | C139: =IFERROR(VLOOKUP($B139,'Sovereign Ratings Summary'!$B$10:$R$309,'Sovereign Ratings Summary'!#REF!,FALSE),"--") -> -- | D139: =IFERROR(VLOOKUP($B139,'Sovereign Ratings Summary'!$B$10:$R$309,'Sovereign Ratings Summary'!#REF!,FALSE),"--") -> -- | E139: =IFERROR(VLOOKUP($B139,'Sovereign Ratings Summary'!$B$10:$R$309,'Sovereign Ratings Summary'!#REF!,FALSE),"--") -> -- | F139: =IFERROR(VLOOKUP($B139,'Sovereign Ratings Summary'!$B$10:$R$309,'Sovereign Ratings Summary'!#REF!,FALSE),"--") -> -- | H139: =IFERROR(VLOOKUP($B139,'Sovereign Ratings Summary'!$B$10:$R$309,'Sovereign Ratings Summary'!$L$1,FALSE),"--") -> -- | I139: =IFERROR(VLOOKUP($B139,'Sovereign Ratings Summary'!$B$10:$R$309,'Sovereign Ratings Summary'!$N$1,FALSE),"--") -> -- | K139: =IFERROR(VLOOKUP($B139,'Sovereign Ratings Summary'!$B$10:$R$309,'Sovereign Ratings Summary'!$P$1,FALSE),"--") -> -- | L139: =IFERROR(VLOOKUP($B139,'Sovereign Ratings Summary'!$B$10:$R$309,'Sovereign Ratings Summary'!$R$1,FALSE),"--") -> -- | N139: =""
A140: Country.7 | B140: =A140 -> Country.7 | C140: =IFERROR(VLOOKUP($B140,'Sovereign Ratings Summary'!$B$10:$R$309,'Sovereign Ratings Summary'!#REF!,FALSE),"--") -> -- | D140: =IFERROR(VLOOKUP($B140,'Sovereign Ratings Summary'!$B$10:$R$309,'Sovereign Ratings Summary'!#REF!,FALSE),"--") -> -- | E140: =IFERROR(VLOOKUP($B140,'Sovereign Ratings Summary'!$B$10:$R$309,'Sovereign Ratings Summary'!#REF!,FALSE),"--") -> -- | F140: =IFERROR(VLOOKUP($B140,'Sovereign Ratings Summary'!$B$10:$R$309,'Sovereign Ratings Summary'!#REF!,FALSE),"--") -> -- | H140: =IFERROR(VLOOKUP($B140,'Sovereign Ratings Summary'!$B$10:$R$309,'Sovereign Ratings Summary'!$L$1,FALSE),"--") -> -- | I140: =IFERROR(VLOOKUP($B140,'Sovereign Ratings Summary'!$B$10:$R$309,'Sovereign Ratings Summary'!$N$1,FALSE),"--") -> -- | K140: =IFERROR(VLOOKUP($B140,'Sovereign Ratings Summary'!$B$10:$R$309,'Sovereign Ratings Summary'!$P$1,FALSE),"--") -> -- | L140: =IFERROR(VLOOKUP($B140,'Sovereign Ratings Summary'!$B$10:$R$309,'Sovereign Ratings Summary'!$R$1,FALSE),"--") -> -- | N140: =""
A141: Country.8 | B141: =A141 -> Country.8 | C141: =IFERROR(VLOOKUP($B141,'Sovereign Ratings Summary'!$B$10:$R$309,'Sovereign Ratings Summary'!#REF!,FALSE),"--") -> -- | D141: =IFERROR(VLOOKUP($B141,'Sovereign Ratings Summary'!$B$10:$R$309,'Sovereign Ratings Summary'!#REF!,FALSE),"--") -> -- | E141: =IFERROR(VLOOKUP($B141,'Sovereign Ratings Summary'!$B$10:$R$309,'Sovereign Ratings Summary'!#REF!,FALSE),"--") -> -- | F141: =IFERROR(VLOOKUP($B141,'Sovereign Ratings Summary'!$B$10:$R$309,'Sovereign Ratings Summary'!#REF!,FALSE),"--") -> -- | H141: =IFERROR(VLOOKUP($B141,'Sovereign Ratings Summary'!$B$10:$R$309,'Sovereign Ratings Summary'!$L$1,FALSE),"--") -> -- | I141: =IFERROR(VLOOKUP($B141,'Sovereign Ratings Summary'!$B$10:$R$309,'Sovereign Ratings Summary'!$N$1,FALSE),"--") -> -- | K141: =IFERROR(VLOOKUP($B141,'Sovereign Ratings Summary'!$B$10:$R$309,'Sovereign Ratings Summary'!$P$1,FALSE),"--") -> -- | L141: =IFERROR(VLOOKUP($B141,'Sovereign Ratings Summary'!$B$10:$R$309,'Sovereign Ratings Summary'!$R$1,FALSE),"--") -> -- | N141: =""
A142: Country.9 | B142: =A142 -> Country.9 | C142: =IFERROR(VLOOKUP($B142,'Sovereign Ratings Summary'!$B$10:$R$309,'Sovereign Ratings Summary'!#REF!,FALSE),"--") -> -- | D142: =IFERROR(VLOOKUP($B142,'Sovereign Ratings Summary'!$B$10:$R$309,'Sovereign Ratings Summary'!#REF!,FALSE),"--") -> -- | E142: =IFERROR(VLOOKUP($B142,'Sovereign Ratings Summary'!$B$10:$R$309,'Sovereign Ratings Summary'!#REF!,FALSE),"--") -> -- | F142: =IFERROR(VLOOKUP($B142,'Sovereign Ratings Summary'!$B$10:$R$309,'Sovereign Ratings Summary'!#REF!,FALSE),"--") -> -- | H142: =IFERROR(VLOOKUP($B142,'Sovereign Ratings Summary'!$B$10:$R$309,'Sovereign Ratings Summary'!$L$1,FALSE),"--") -> -- | I142: =IFERROR(VLOOKUP($B142,'Sovereign Ratings Summary'!$B$10:$R$309,'Sovereign Ratings Summary'!$N$1,FALSE),"--") -> -- | K142: =IFERROR(VLOOKUP($B142,'Sovereign Ratings Summary'!$B$10:$R$309,'Sovereign Ratings Summary'!$P$1,FALSE),"--") -> -- | L142: =IFERROR(VLOOKUP($B142,'Sovereign Ratings Summary'!$B$10:$R$309,'Sovereign Ratings Summary'!$R$1,FALSE),"--") -> -- | N142: =""
A143: Country.10 | B143: =A143 -> Country.10 | C143: =IFERROR(VLOOKUP($B143,'Sovereign Ratings Summary'!$B$10:$R$309,'Sovereign Ratings Summary'!#REF!,FALSE),"--") -> -- | D143: =IFERROR(VLOOKUP($B143,'Sovereign Ratings Summary'!$B$10:$R$309,'Sovereign Ratings Summary'!#REF!,FALSE),"--") -> -- | E143: =IFERROR(VLOOKUP($B143,'Sovereign Ratings Summary'!$B$10:$R$309,'Sovereign Ratings Summary'!#REF!,FALSE),"--") -> -- | F143: =IFERROR(VLOOKUP($B143,'Sovereign Ratings Summary'!$B$10:$R$309,'Sovereign Ratings Summary'!#REF!,FALSE),"--") -> -- | H143: =IFERROR(VLOOKUP($B143,'Sovereign Ratings Summary'!$B$10:$R$309,'Sovereign Ratings Summary'!$L$1,FALSE),"--") -> -- | I143: =IFERROR(VLOOKUP($B143,'Sovereign Ratings Summary'!$B$10:$R$309,'Sovereign Ratings Summary'!$N$1,FALSE),"--") -> -- | K143: =IFERROR(VLOOKUP($B143,'Sovereign Ratings Summary'!$B$10:$R$309,'Sovereign Ratings Summary'!$P$1,FALSE),"--") -> -- | L143: =IFERROR(VLOOKUP($B143,'Sovereign Ratings Summary'!$B$10:$R$309,'Sovereign Ratings Summary'!$R$1,FALSE),"--") -> -- | N143: =""
A144: Country.11 | B144: =A144 -> Country.11 | C144: =IFERROR(VLOOKUP($B144,'Sovereign Ratings Summary'!$B$10:$R$309,'Sovereign Ratings Summary'!#REF!,FALSE),"--") -> -- | D144: =IFERROR(VLOOKUP($B144,'Sovereign Ratings Summary'!$B$10:$R$309,'Sovereign Ratings Summary'!#REF!,FALSE),"--") -> -- | E144: =IFERROR(VLOOKUP($B144,'Sovereign Ratings Summary'!$B$10:$R$309,'Sovereign Ratings Summary'!#REF!,FALSE),"--") -> -- | F144: =IFERROR(VLOOKUP($B144,'Sovereign Ratings Summary'!$B$10:$R$309,'Sovereign Ratings Summary'!#REF!,FALSE),"--") -> -- | H144: =IFERROR(VLOOKUP($B144,'Sovereign Ratings Summary'!$B$10:$R$309,'Sovereign Ratings Summary'!$L$1,FALSE),"--") -> -- | I144: =IFERROR(VLOOKUP($B144,'Sovereign Ratings Summary'!$B$10:$R$309,'Sovereign Ratings Summary'!$N$1,FALSE),"--") -> -- | K144: =IFERROR(VLOOKUP($B144,'Sovereign Ratings Summary'!$B$10:$R$309,'Sovereign Ratings Summary'!$P$1,FALSE),"--") -> -- | L144: =IFERROR(VLOOKUP($B144,'Sovereign Ratings Summary'!$B$10:$R$309,'Sovereign Ratings Summary'!$R$1,FALSE),"--") -> -- | N144: =""
A145: Country.12 | B145: =A145 -> Country.12 | C145: =IFERROR(VLOOKUP($B145,'Sovereign Ratings Summary'!$B$10:$R$309,'Sovereign Ratings Summary'!#REF!,FALSE),"--") -> -- | D145: =IFERROR(VLOOKUP($B145,'Sovereign Ratings Summary'!$B$10:$R$309,'Sovereign Ratings Summary'!#REF!,FALSE),"--") -> -- | E145: =IFERROR(VLOOKUP($B145,'Sovereign Ratings Summary'!$B$10:$R$309,'Sovereign Ratings Summary'!#REF!,FALSE),"--") -> -- | F145: =IFERROR(VLOOKUP($B145,'Sovereign Ratings Summary'!$B$10:$R$309,'Sovereign Ratings Summary'!#REF!,FALSE),"--") -> -- | H145: =IFERROR(VLOOKUP($B145,'Sovereign Ratings Summary'!$B$10:$R$309,'Sovereign Ratings Summary'!$L$1,FALSE),"--") -> -- | I145: =IFERROR(VLOOKUP($B145,'Sovereign Ratings Summary'!$B$10:$R$309,'Sovereign Ratings Summary'!$N$1,FALSE),"--") -> -- | K145: =IFERROR(VLOOKUP($B145,'Sovereign Ratings Summary'!$B$10:$R$309,'Sovereign Ratings Summary'!$P$1,FALSE),"--") -> -- | L145: =IFERROR(VLOOKUP($B145,'Sovereign Ratings Summary'!$B$10:$R$309,'Sovereign Ratings Summary'!$R$1,FALSE),"--") -> -- | N145: =""
A146: Country.13 | B146: =A146 -> Country.13 | C146: =IFERROR(VLOOKUP($B146,'Sovereign Ratings Summary'!$B$10:$R$309,'Sovereign Ratings Summary'!#REF!,FALSE),"--") -> -- | D146: =IFERROR(VLOOKUP($B146,'Sovereign Ratings Summary'!$B$10:$R$309,'Sovereign Ratings Summary'!#REF!,FALSE),"--") -> -- | E146: =IFERROR(VLOOKUP($B146,'Sovereign Ratings Summary'!$B$10:$R$309,'Sovereign Ratings Summary'!#REF!,FALSE),"--") -> -- | F146: =IFERROR(VLOOKUP($B146,'Sovereign Ratings Summary'!$B$10:$R$309,'Sovereign Ratings Summary'!#REF!,FALSE),"--") -> -- | H146: =IFERROR(VLOOKUP($B146,'Sovereign Ratings Summary'!$B$10:$R$309,'Sovereign Ratings Summary'!$L$1,FALSE),"--") -> -- | I146: =IFERROR(VLOOKUP($B146,'Sovereign Ratings Summary'!$B$10:$R$309,'Sovereign Ratings Summary'!$N$1,FALSE),"--") -> -- | K146: =IFERROR(VLOOKUP($B146,'Sovereign Ratings Summary'!$B$10:$R$309,'Sovereign Ratings Summary'!$P$1,FALSE),"--") -> -- | L146: =IFERROR(VLOOKUP($B146,'Sovereign Ratings Summary'!$B$10:$R$309,'Sovereign Ratings Summary'!$R$1,FALSE),"--") -> -- | N146: =""
A147: Country.14 | B147: =A147 -> Country.14 | C147: =IFERROR(VLOOKUP($B147,'Sovereign Ratings Summary'!$B$10:$R$309,'Sovereign Ratings Summary'!#REF!,FALSE),"--") -> -- | D147: =IFERROR(VLOOKUP($B147,'Sovereign Ratings Summary'!$B$10:$R$309,'Sovereign Ratings Summary'!#REF!,FALSE),"--") -> -- | E147: =IFERROR(VLOOKUP($B147,'Sovereign Ratings Summary'!$B$10:$R$309,'Sovereign Ratings Summary'!#REF!,FALSE),"--") -> -- | F147: =IFERROR(VLOOKUP($B147,'Sovereign Ratings Summary'!$B$10:$R$309,'Sovereign Ratings Summary'!#REF!,FALSE),"--") -> -- | H147: =IFERROR(VLOOKUP($B147,'Sovereign Ratings Summary'!$B$10:$R$309,'Sovereign Ratings Summary'!$L$1,FALSE),"--") -> -- | I147: =IFERROR(VLOOKUP($B147,'Sovereign Ratings Summary'!$B$10:$R$309,'Sovereign Ratings Summary'!$N$1,FALSE),"--") -> -- | K147: =IFERROR(VLOOKUP($B147,'Sovereign Ratings Summary'!$B$10:$R$309,'Sovereign Ratings Summary'!$P$1,FALSE),"--") -> -- | L147: =IFERROR(VLOOKUP($B147,'Sovereign Ratings Summary'!$B$10:$R$309,'Sovereign Ratings Summary'!$R$1,FALSE),"--") -> -- | N147: =""
... A181: Country.48 | B181: =A181 -> Country.48 | C181: =IFERROR(VLOOKUP($B181,'Sovereign Ratings Summary'!$B$10:$R$309,'Sovereign Ratings Summary'!#REF!,FALSE),"--") -> -- | D181: =IFERROR(VLOOKUP($B181,'Sovereign Ratings Summary'!$B$10:$R$309,'Sovereign Ratings Summary'!#REF!,FALSE),"--") -> -- | E181: =IFERROR(VLOOKUP($B181,'Sovereign Ratings Summary'!$B$10:$R$309,'Sovereign Ratings Summary'!#REF!,FALSE),"--") -> -- | F181: =IFERROR(VLOOKUP($B181,'Sovereign Ratings Summary'!$B$10:$R$309,'Sovereign Ratings Summary'!#REF!,FALSE),"--") -> -- | H181: =IFERROR(VLOOKUP($B181,'Sovereign Ratings Summary'!$B$10:$R$309,'Sovereign Ratings Summary'!$L$1,FALSE),"--") -> -- | I181: =IFERROR(VLOOKUP($B181,'Sovereign Ratings Summary'!$B$10:$R$309,'Sovereign Ratings Summary'!$N$1,FALSE),"--") -> -- | K181: =IFERROR(VLOOKUP($B181,'Sovereign Ratings Summary'!$B$10:$R$309,'Sovereign Ratings Summary'!$P$1,FALSE),"--") -> -- | L181: =IFERROR(VLOOKUP($B181,'Sovereign Ratings Summary'!$B$10:$R$309,'Sovereign Ratings Summary'!$R$1,FALSE),"--") -> -- | N181: =""
A182: Country.49 | C182: =IFERROR(VLOOKUP($B182,'Sovereign Ratings Summary'!$B$10:$R$309,'Sovereign Ratings Summary'!#REF!,FALSE),"--") -> -- | D182: =IFERROR(VLOOKUP($B182,'Sovereign Ratings Summary'!$B$10:$R$309,'Sovereign Ratings Summary'!#REF!,FALSE),"--") -> -- | E182: =IFERROR(VLOOKUP($B182,'Sovereign Ratings Summary'!$B$10:$R$309,'Sovereign Ratings Summary'!#REF!,FALSE),"--") -> -- | F182: =IFERROR(VLOOKUP($B182,'Sovereign Ratings Summary'!$B$10:$R$309,'Sovereign Ratings Summary'!#REF!,FALSE),"--") -> -- | H182: =IFERROR(VLOOKUP($B182,'Sovereign Ratings Summary'!$B$10:$R$309,'Sovereign Ratings Summary'!$L$1,FALSE),"--") -> -- | I182: =IFERROR(VLOOKUP($B182,'Sovereign Ratings Summary'!$B$10:$R$309,'Sovereign Ratings Summary'!$N$1,FALSE),"--") -> -- | K182: =IFERROR(VLOOKUP($B182,'Sovereign Ratings Summary'!$B$10:$R$309,'Sovereign Ratings Summary'!$P$1,FALSE),"--") -> -- | L182: =IFERROR(VLOOKUP($B182,'Sovereign Ratings Summary'!$B$10:$R$309,'Sovereign Ratings Summary'!$R$1,FALSE),"--") -> --
A183: Country.50 | C183: =IFERROR(VLOOKUP($B183,'Sovereign Ratings Summary'!$B$10:$R$309,'Sovereign Ratings Summary'!#REF!,FALSE),"--") -> -- | D183: =IFERROR(VLOOKUP($B183,'Sovereign Ratings Summary'!$B$10:$R$309,'Sovereign Ratings Summary'!#REF!,FALSE),"--") -> -- | E183: =IFERROR(VLOOKUP($B183,'Sovereign Ratings Summary'!$B$10:$R$309,'Sovereign Ratings Summary'!#REF!,FALSE),"--") -> -- | F183: =IFERROR(VLOOKUP($B183,'Sovereign Ratings Summary'!$B$10:$R$309,'Sovereign Ratings Summary'!#REF!,FALSE),"--") -> -- | H183: =IFERROR(VLOOKUP($B183,'Sovereign Ratings Summary'!$B$10:$R$309,'Sovereign Ratings Summary'!$L$1,FALSE),"--") -> -- | I183: =IFERROR(VLOOKUP($B183,'Sovereign Ratings Summary'!$B$10:$R$309,'Sovereign Ratings Summary'!$N$1,FALSE),"--") -> -- | K183: =IFERROR(VLOOKUP($B183,'Sovereign Ratings Summary'!$B$10:$R$309,'Sovereign Ratings Summary'!$P$1,FALSE),"--") -> -- | L183: =IFERROR(VLOOKUP($B183,'Sovereign Ratings Summary'!$B$10:$R$309,'Sovereign Ratings Summary'!$R$1,FALSE),"--") -> --
